"EBAW","ANR","Antwerp International Airport","51.1894","4.46028"
"EBBR","BRU","Brussels Airport (Zaventem Airport)","50.9014","4.48444"
"EBCI","CRL","Brussels South Charleroi Airport","50.4592","4.45382"
"EBKT","KJK","Kortrijk-Wevelgem International Airport","50.8172","3.20472"
"EBLG","LGG","Liege Airport","50.6374","5.44322"
"EBOS","OST","Ostend-Bruges International Airport","51.1989","2.86222"
"EBZR","OBL","Oostmalle Airfield","51.2647","4.75333"
"EDAC","AOC","Leipzig-Altenburg Airport","50.9819","12.5064"
"EDAH","HDF","Heringsdorf Airport","53.8787","14.1523"
"EDAQ","ZHZ","Halle-Oppin Airport","51.5527","12.054"
"EDAU","IES","Riesa-Gohlis Airfield","51.2936","13.3561"
"EDAX","REB","Rechlin-Larz Airfield","53.3064","12.7522"
"EDAY","","Strausberg","52.5799","13.9156"
"EDBC","CSO","Magdeburg-Cochstedt Airport","51.8564","11.4203"
"EDBH","BBH","Stralsund-Barth Airport","54.3383","12.7105"
"EDBN","FNB","Neubrandenburg Airport","53.6022","13.306"
"EDCD","CBU","Cottbus-Drewitz Airport","51.8894","14.5319"
"EDCG","GTI","Rugen Airport (Guttin Airfield)","54.3833","13.3256"
"EDCK","KOQ","Kothen Airport","51.7211","11.9528"
"EDCP","PEF","Peenemunde Airfield","54.1578","13.7744"
"EDDB","BER","Berlin Brandenburg Airport","52.3514","13.4939"
"EDDC","DRS","Dresden Airport","51.1328","13.7672"
"EDDE","ERF","Erfurt-Weimar Airport","50.9798","10.9581"
"EDDF","FRA","Frankfurt Airport","50.0333","8.57056"
"EDDG","FMO","Munster Osnabruck International Airport","52.1346","7.68483"
"EDDH","HAM","Hamburg Airport","53.6304","9.98823"
"EDDK","CGN","Cologne Bonn Airport","50.8659","7.14274"
"EDDL","DUS","Dusseldorf Airport","51.2895","6.76678"
"EDDM","MUC","Munich Airport","48.3538","11.7861"
"EDDN","NUE","Nuremberg Airport","49.4987","11.0781"
"EDDP","LEJ","Leipzig/Halle Airport","51.4239","12.2364"
"EDDR","SCN","Saarbrucken Airport","49.2146","7.10951"
"EDDS","STR","Stuttgart Airport","48.6899","9.22196"
"EDDT","TXL","Berlin Tegel Airport","52.5597","13.2877"
"EDDV","HAJ","Hannover Airport","52.4611","9.68508"
"EDDW","BRE","Bremen Airport","53.0475","8.78667"
"EDFH","HHN","Frankfurt-Hahn Airport","49.9487","7.26389"
"EDFM","MHG","Mannheim City Airport","49.4731","8.51417"
"EDGE","EIB","Eisenach-Kindel Airport","50.9916","10.4797"
"EDGS","SGE","Siegerland Airport","50.7077","8.08297"
"EDHB","","Grube Airport","54.244434","11.02376"
"EDHE","","Uetersen Airfield","54.244434","11.02376"
"EDHI","XFW","Hamburg Finkenwerder Airport","53.5353","9.83556"
"EDHK","KEL","Kiel Airport","54.3794","10.1453"
"EDHL","LBC","Lubeck Airport","53.8054","10.7192"
"EDHN","EUM","Neumunster Airport","54.0794","9.94139"
"EDJA","FMM","Memmingen Airport","47.9888","10.2395"
"EDKA","AAH","Merzbruck Airport","50.8231","6.18639"
"EDLD","ZCV","Dinslaken/Schwarze Heide","51.616","6.861167"
"EDLE","ESS","Essen/Mulheim Airport","51.4023","6.93733"
"EDLI","BFE","Bielefeld Airport","51.9647","8.54444"
"EDLN","MGL","Dusseldorf Monchengladbach Airport","51.2303","6.50444"
"EDLP","PAD","Paderborn Lippstadt Airport","51.6141","8.61632"
"EDLV","NRN","Weeze Airport (Niederrhein Airport)","51.6024","6.14217"
"EDLW","DTM","Dortmund Airport","51.5183","7.61224"
"EDMA","AGB","Augsburg Airport","48.4253","10.9317"
"EDMO","OBF","Oberpfaffenhofen Airport","48.0814","11.2831"
"EDMS","RBM","Straubing Wallmuhle Airport","48.9008","12.5167"
"EDNY","FDH","Friedrichshafen Airport (Bodensee Airport)","47.6713","9.51149"
"EDOP","SZW","Schwerin-Parchim International Airport","53.427","11.7834"
"EDQD","BYU","Bindlacher Berg Airport","49.985","11.64"
"EDQE","URD","Burg Feuerstein Airport","49.7942","11.1336"
"EDQG","GHF","Giebelstadt Airport","49.6481","9.96639"
"EDQM","HOQ","Hof-Plauen Airport","50.2886","11.8564"
"EDRB","BBJ","Bitburg Airport ","49.9453","6.565"
"EDRZ","ZQW","Zweibrucken Airport","49.2094","7.40056"
"EDSB","FKB","Karlsruhe/Baden-Baden Airport","48.7794","8.0805"
"EDTL","LHA","Flughafen Lahr (Lahr Airport)","48.3693","7.82772"
"EDVE","BWE","Braunschweig-Wolfsburg Airport","52.3192","10.5561"
"EDVK","KSF","Kassel Airport","51.4173","9.38497"
"EDWB","BRV","Bremerhaven Airport","53.5069","8.57278"
"EDWD","XLW","Lemwerder Airport","53.1447","8.62444"
"EDWE","EME","Emden Airport","53.3911","7.2275"
"EDWG","AGE","Wangerooge Airport","53.7828","7.91389"
"EDWI","WVN","JadeWeserAirport","53.5022","8.05222"
"EDWJ","JUI","Juist Airport","53.6811","7.05583"
"EDWL","LGO","Langeoog Airport","53.7425","7.49778"
"EDWR","BMK","Borkum Airfield","53.5964","6.70917"
"EDWS","NOD","Norddeich Airport","53.6331","7.19028"
"EDWU","VAC","Varrelbusch Airport","52.9083","8.04056"
"EDWY","NRD","Norderney Airport","53.7069","7.23"
"EDWZ","BMR","Baltrum Airport","53.7247","7.37333"
"EDXB","HEI","Heide-Busum Airport","54.1533","8.90167"
"EDXF","FLF","Flensburg-Schaferhaus Airport","54.7733","9.37889"
"EDXH","HGL","Helgoland Airport (Dune Airport)","54.1853","7.91583"
"EDXJ","QHU","Husum Schwesing Airport","54.51","9.13833"
"EDXO","PSH","Sankt Peter-Ording Airport","54.3089","8.68694"
"EDXW","GWT","Sylt Airport (Westerland Airport)","54.9132","8.34047"
"EDXY","OHR","Wyk auf Fohr Airport","54.6844","8.52833"
"EEKA","KDL","Kardla Airport","58.9908","22.8307"
"EEKE","URE","Kuressaare Airport","58.2299","22.5095"
"EEPU","EPU","Parnu Airport","58.419","24.4728"
"EETN","TLL","Tallinn Airport (Lennart Meri Tallinn Airport)","59.4133","24.8328"
"EETU","TAY","Tartu Airport","58.3075","26.6904"
"EFET","ENF","Enontekio Airport","68.3626","23.4243"
"EFHA","KEV","Halli Airport","61.856","24.7867"
"EFHF","HEM","Helsinki-Malmi Airport","60.2546","25.0428"
"EFHK","HEL","Helsinki Airport (Helsinki-Vantaa Airport)","60.3172","24.9633"
"EFHV","HYV","Hyvink- Airfield","60.6544","24.8811"
"EFIT","KTQ","Kitee Airfield","62.1661","30.0736"
"EFIV","IVL","Ivalo Airport","68.6073","27.4053"
"EFJO","JOE","Joensuu Airport","62.6629","29.6075"
"EFJY","JYV","Jyvaskyla Airport","62.3995","25.6783"
"EFKA","KAU","Kauhava Airfield","63.1271","23.0514"
"EFKE","KEM","Kemi-Tornio Airport","65.7787","24.5821"
"EFKI","KAJ","Kajaani Airport","64.2855","27.6924"
"EFKJ","KHJ","Kauhajoki Airfield","62.4625","22.3931"
"EFKK","KOK","Kokkola-Pietarsaari Airport","63.7212","23.1431"
"EFKS","KAO","Kuusamo Airport","65.9876","29.2394"
"EFKT","KTT","Kittila Airport","67.701","24.8468"
"EFKU","KUO","Kuopio Airport","63.0071","27.7978"
"EFLP","LPP","Lappeenranta Airport","61.0446","28.1447"
"EFMA","MHQ","Mariehamn Airport","60.1222","19.8982"
"EFMI","MIK","Mikkeli Airport","61.6866","27.2018"
"EFOU","OUL","Oulu Airport","64.9301","25.3546"
"EFPO","POR","Pori Airport","61.4617","21.8"
"EFRO","RVN","Rovaniemi Airport","66.5648","25.8304"
"EFSA","SVL","Savonlinna Airport","61.9431","28.9451"
"EFSI","SJY","Seinajoki Airport","62.6921","22.8323"
"EFSO","SOT","Sodankyla Airfield","67.395","26.6191"
"EFTP","TMP","Tampere-Pirkkala Airport","61.4141","23.6044"
"EFTU","TKU","Turku Airport","60.5141","22.2628"
"EFUT","UTI","Utti Airport","60.8964","26.9384"
"EFVA","VAA","Vaasa Airport","63.0507","21.7622"
"EFVR","VRK","Varkaus Airport","62.1711","27.8686"
"EFYL","YLI","Ylivieska Airfield","64.0547","24.7253"
"EG74","LHB","Bruntingthorpe Aerodrome (Leicester Harboro'/Harbour Airport)","52.4908","-1.1312"
"EGAA","BFS","Belfast International Airport","54.6575","-6.21583"
"EGAB","ENK","Enniskillen/St Angelo Airport","54.3989","-7.65167"
"EGAC","BHD","George Best Belfast City Airport","54.6181","-5.8725"
"EGAE","LDY","City of Derry Airport","55.0428","-7.16111"
"EGBB","BHX","Birmingham Airport","52.4539","-1.74803"
"EGBE","CVT","Coventry Airport","52.3697","-1.47972"
"EGBJ","GLO","Gloucestershire Airport","51.8942","-2.16722"
"EGBK","ORM","Sywell Aerodrome","52.3053","-0.793056"
"EGBN","NQT","Nottingham Airport","52.92","-1.07917"
"EGBP","GBA","Cotswold Airport","51.6681","-2.05694"
"EGCC","MAN","Manchester Airport","53.3537","-2.27495"
"EGCN","DSA","Robin Hood Airport Doncaster Sheffield","53.4805","-1.01066"
"EGDJ","UPV","RAF Upavon","51.2862","-1.78202"
"EGDL","LYE","RAF Lyneham","51.5051","-1.99343"
"EGDY","YEO","Royal Naval Air Station Yeovilton","51.0094","-2.63882"
"EGEC","CAL","Campbeltown Airport / RAF Machrihanish","55.4372","-5.68639"
"EGED","EOI","Eday Airport","59.1906","-2.77222"
"EGEF","FIE","Fair Isle Airport","59.5358","-1.62806"
"EGEH","WHS","Whalsay Airstrip","60.3775","-0.925556"
"EGEI","SKL","Broadford Airfield","57.2414","-5.90966"
"EGEN","NRL","North Ronaldsay Airport","59.3675","-2.43444"
"EGEO","OBN","Oban Airport (North Connel Airport)","56.4635","-5.39967"
"EGEP","PPW","Papa Westray Airport","59.3517","-2.90028"
"EGER","SOY","Stronsay Airport","59.1553","-2.64139"
"EGES","NDY","Sanday Airport","59.2503","-2.57667"
"EGET","LWK","Tingwall Airport","60.1919","-1.24361"
"EGEW","WRY","Westray Airport","59.3503","-2.95"
"EGFE","HAW","Haverfordwest Aerodrome","51.8331","-4.96111"
"EGFF","CWL","Cardiff Airport","51.3967","-3.34333"
"EGFH","SWS","Swansea Airport","51.6053","-4.06783"
"EGGD","BRS","Bristol Airport","51.3827","-2.71909"
"EGGP","LPL","Liverpool John Lennon Airport","53.3336","-2.84972"
"EGGW","LTN","London Luton Airport","51.8747","-0.368333"
"EGHC","LEQ","Land's End Airport","50.1028","-5.67056"
"EGHD","PLH","Plymouth City Airport","50.4228","-4.10583"
"EGHE","ISC","St Mary's Airport","49.9133","-6.29167"
"EGHH","BOH","Bournemouth Airport","50.78","-1.8425"
"EGHI","SOU","Southampton Airport","50.9503","-1.3568"
"EGHJ","BBP","Bembridge Airport","50.6781","-1.10944"
"EGHL","QLA","Lasham Airfield","51.1872","-1.03361"
"EGHQ","NQY","Cornwall Airport Newquay","50.4406","-4.99541"
"EGHR","QUG","Chichester/Goodwood Airport","50.8594","-0.759167"
"EGJA","ACI","Alderney Airport","49.7067","-2.21444"
"EGJB","GCI","Guernsey Airport","49.4347","-2.60194"
"EGJJ","JER","Jersey Airport","49.2081","-2.19528"
"EGKA","ESH","Brighton City Airport","50.8356","-0.297222"
"EGKB","BQH","London Biggin Hill Airport","51.3308","0.0325"
"EGKK","LGW","Gatwick Airport","51.1481","-0.190278"
"EGKR","KRH","Redhill Aerodrome","51.2136","-0.138611"
"EGLC","LCY","London City Airport","51.5053","0.055278"
"EGLF","FAB","Farnborough Airport","51.2758","-0.776333"
"EGLK","BBS","Blackbushe Airport","51.3239","-0.8475"
"EGLL","LHR","Heathrow Airport","51.4775","-0.461389"
"EGMC","SEN","London Southend Airport","51.5703","0.693333"
"EGMD","LYX","Lydd Airport (London Ashford Airport)","50.9561","0.939167"
"EGMH","MSE","Manston Airport","51.3422","1.34611"
"EGNC","CAX","Carlisle Lake District Airport","54.9375","-2.80917"
"EGNH","BLK","Blackpool Airport","53.7717","-3.02861"
"EGNJ","HUY","Humberside Airport","53.5744","-0.350833"
"EGNL","BWF","Barrow/Walney Island Airport","54.1286","-3.2675"
"EGNM","LBA","Leeds Bradford Airport","53.8659","-1.66057"
"EGNO","WRT","Warton Aerodrome","53.745","-2.88389"
"EGNR","CEG","Hawarden Airport (Chester Airport)","53.1781","-2.97778"
"EGNS","IOM","Isle of Man Airport","54.0833","-4.62333"
"EGNT","NCL","Newcastle Airport","55.0375","-1.69167"
"EGNV","MME","Teesside International Airport","54.5092","-1.42941"
"EGNX","EMA","East Midlands Airport","52.8311","-1.32806"
"EGOV","VLY","Anglesey Airport / RAF Valley","53.2481","-4.53534"
"EGPA","KOI","Kirkwall Airport","58.9578","-2.905"
"EGPB","LSI","Sumburgh Airport","59.8814","-1.29389"
"EGPC","WIC","Wick Airport","58.4589","-3.09306"
"EGPD","ABZ","Aberdeen Airport","57.2019","-2.19778"
"EGPE","INV","Inverness Airport","57.5425","-4.0475"
"EGPF","GLA","Glasgow Airport","55.8719","-4.43306"
"EGPH","EDI","Edinburgh Airport","55.95","-3.3725"
"EGPI","ILY","Islay Airport (Glenegedale Airport)","55.6819","-6.25667"
"EGPK","PIK","Glasgow Prestwick Airport","55.5094","-4.58667"
"EGPL","BEB","Benbecula Airport","57.4811","-7.36278"
"EGPN","DND","Dundee Airport","56.4525","-3.02583"
"EGPO","SYY","Stornoway Airport","58.2156","-6.33111"
"EGPR","BRR","Barra Airport","57.0228","-7.44306"
"EGPT","PSL","Perth Airport (Scone Airport)","56.4392","-3.37222"
"EGPU","TRE","Tiree Airport","56.4992","-6.86917"
"EGPW","UNT","Baltasound Airport","60.7469","-0.854722"
"EGQB","BOL","Ballykelly Airfield (RAF Ballykelly)","55.0544","-7.02"
"EGQK","FSS","RAF Kinloss","57.6494","-3.56064"
"EGQL","ADX","RAF Leuchars","56.3729","-2.86844"
"EGQS","LMO","RAF Lossiemouth","57.7052","-3.33917"
"EGSC","CBG","Cambridge Airport","52.205","0.175"
"EGSH","NWI","Norwich International Airport","52.6758","1.28278"
"EGSS","STN","London Stansted Airport","51.885","0.235"
"EGSU","QFO","Duxford Aerodrome","52.0908","0.131944"
"EGTB","HYC","Wycombe Air Park Airport","51.6117","-0.808333"
"EGTE","EXT","Exeter International Airport","50.7344","-3.41389"
"EGTG","FZO","Bristol Filton Airport","51.5194","-2.59361"
"EGTK","OXF","Oxford Airport (London Oxford Airport)","51.8369","-1.32"
"EGTO","RCS","Rochester Airport","51.3519","0.503333"
"EGUB","BEX","RAF Benson","51.6164","-1.09583"
"EGUL","LKZ","RAF Lakenheath","52.4093","0.561"
"EGUN","MHZ","RAF Mildenhall","52.3619","0.486406"
"EGUY","QUY","RAF Wyton","52.3572","-0.107833"
"EGVA","FFD","RAF Fairford","51.6822","-1.79003"
"EGVN","BZZ","RAF Brize Norton","51.75","-1.58362"
"EGVO","ODH","RAF Odiham","51.2341","-0.942825"
"EGWU","NHT","RAF Northolt","51.553","-0.418167"
"EGXC","QCY","RAF Coningsby","53.093","-0.166014"
"EGXH","BEQ","RAF Honington","52.3426","0.772939"
"EGXJ","OKH","RAF Cottesmore","52.7294","-0.651389"
"EGXP","SQZ","RAF Scampton","53.3078","-0.550833"
"EGXU","HRT","RAF Linton-on-Ouse","54.0489","-1.25275"
"EGXW","WTN","RAF Waddington","53.1662","-0.523811"
"EGYM","KNF","RAF Marham","52.6484","0.550692"
"EGYP","MPN","RAF Mount Pleasant","-51.8228","-58.4472"
"EHAM","AMS","Amsterdam Airport Schiphol","52.3086","4.76389"
"EHBK","MST","Maastricht Aachen Airport","50.9117","5.77014"
"EHEH","EIN","Eindhoven Airport","51.4501","5.37453"
"EHGG","GRQ","Groningen Airport Eelde","53.1197","6.57944"
"EHGR","GLZ","Gilze-Rijen Air Base","51.5674","4.93183"
"EHKD","DHR","De Kooy Airfield","52.9234","4.78062"
"EHLE","LEY","Lelystad Airport","52.4603","5.52722"
"EHLW","LWR","Leeuwarden Air Base","53.2286","5.76056"
"EHRD","RTM","Rotterdam The Hague Airport","51.9569","4.43722"
"EHSB","UTC","Soesterberg Air Base","52.1273","5.27619"
"EHSE","","Breda International Airport","51.5549","4.5526"
"EHTE","","Teuge International Airport","52.242","6.0518"
"EHTW","ENS","Enschede Airport Twente","52.2758","6.88917"
"EHVK","UDE","Volkel Air Base","51.6564","5.70861"
"EHWO","WOE","Woensdrecht Air Base","51.4491","4.34203"
"EIBN","BYT","Bantry Aerodrome","51.6686","-9.48417"
"EIBT","BLY","Belmullet Aerodrome","54.2228","-10.0308"
"EICA","NNR","Connemara Airport","53.2303","-9.46778"
"EICK","ORK","Cork Airport","51.8413","-8.49111"
"EICM","GWY","Galway Airport","53.3002","-8.94159"
"EIDL","CFN","Donegal Airport","55.0442","-8.341"
"EIDW","DUB","Dublin Airport","53.4213","-6.27007"
"EIIM","IOR","Inishmore Aerodrome (Kilronan Airport)","53.1067","-9.65361"
"EIIR","INQ","Inisheer Aerodrome","53.0647","-9.5109"
"EIKK","KKY","Kilkenny Airport","52.6508","-7.29611"
"EIKN","NOC","Ireland West Airport Knock","53.9103","-8.81849"
"EIKY","KIR","Kerry Airport (Farranfore Airport)","52.1809","-9.52378"
"EILT","LTR","Letterkenny Airfield","54.9513","-7.67283"
"EIMN","IIA","Inishmaan Aerodrome","53.093","-9.56806"
"EINN","SNN","Shannon Airport","52.702","-8.92482"
"EISG","SXL","Sligo Airport","54.2802","-8.59921"
"EIWF","WAT","Waterford Airport","52.1872","-7.08696"
"EKAH","AAR","Aarhus Airport","56.3","10.619"
"EKBI","BLL","Billund Airport","55.7403","9.15178"
"EKCH","CPH","Copenhagen Airport","55.6179","12.656"
"EKEB","EBJ","Esbjerg Airport","55.5259","8.5534"
"EKKA","KRP","Karup Airport","56.2975","9.12463"
"EKLS","BYR","Laesoe Airport","57.2772","11.0001"
"EKMB","MRW","Lolland Falster Airport","54.6993","11.4401"
"EKOD","ODE","Hans Christian Andersen Airport","55.4767","10.3309"
"EKRK","RKE","Roskilde Airport","55.5856","12.1314"
"EKRN","RNN","Bornholm Airport","55.0633","14.7596"
"EKSB","SGD","Sonderborg Airport","54.9644","9.79173"
"EKSN","CNL","Sindal Airport","57.5035","10.2294"
"EKSP","SKS","Vojens Airport (Skrydstrup Airport)","55.221","9.26702"
"EKSV","SQW","Skive Airport","56.5502","9.17298"
"EKTS","TED","Thisted Airport","57.0688","8.70522"
"EKVG","FAE","Vagar Airport","62.0636","-7.27722"
"EKVJ","STA","Stauning Vestjylland Airport","55.9901","8.35391"
"EKYT","AAL","Aalborg Airport","57.0928","9.84924"
"ELLX","LUX","Luxembourg Findel Airport","49.6233","6.20444"
"ENAL","AES","Alesund Airport","62.5625","6.1197"
"ENAN","ANX","Andoya Airport","69.2925","16.1442"
"ENAT","ALF","Alta Airport","69.9761","23.3717"
"ENBL","FDE","Forde Airport","61.3911","5.75694"
"ENBN","BNN","Bronnoysund Airport","65.4611","12.2175"
"ENBO","BOO","Bodo Airport","67.2692","14.3653"
"ENBR","BGO","Bergen Airport","60.2934","5.21814"
"ENBS","BJF","Batsfjord Airport","70.6005","29.6914"
"ENBV","BVG","Berlevag Airport","70.8714","29.0342"
"ENCN","KRS","Kristiansand Airport","58.2042","8.08537"
"ENDU","BDU","Bardufoss Airport","69.0558","18.5404"
"ENEV","EVE","Harstad/Narvik Airport","68.4913","16.6781"
"ENFG","VDB","Fagernes Airport","61.0156","9.28806"
"ENFL","FRO","Floro Airport","61.5836","5.02472"
"ENGM","OSL","Oslo Airport","60.1939","11.1004"
"ENHA","HMR","Hamar Airport","60.8181","11.068"
"ENHD","HAU","Haugesund Airport","59.3453","5.20836"
"ENHF","HFT","Hammerfest Airport","70.6797","23.6686"
"ENHK","HAA","Hasvik Airport","70.4867","22.1397"
"ENHV","HVG","Honningsvag Airport","71.0097","25.9836"
"ENKB","KSU","Kristiansund Airport","63.1118","7.82452"
"ENKL","GLL","Gol Airport","60.7911","9.04867"
"ENKR","KKN","Kirkenes Airport","69.7258","29.8913"
"ENLK","LKN","Leknes Airport","68.1525","13.6094"
"ENMH","MEH","Mehamn Airport","71.0297","27.8267"
"ENML","MOL","Molde Airport","62.7447","7.2625"
"ENMS","MJF","Mosjoen Airport","65.784","13.2149"
"ENNA","LKL","Lakselv Airport","70.0688","24.9735"
"ENNK","NVK","Narvik Airport","68.4369","17.3867"
"ENNM","OSY","Namsos Airport","64.4722","11.5786"
"ENNO","NTB","Notodden Airport","59.5657","9.21222"
"ENOL","OLA","Orland Airport","63.6989","9.604"
"ENOV","HOV","Orsta-Volda Airport","62.18","6.0741"
"ENRA","MQN","Mo i Rana Airport","66.3639","14.3014"
"ENRM","RVK","Rorvik Airport","64.8383","11.1461"
"ENRO","RRS","Roros Airport","62.5784","11.3423"
"ENRS","RET","Rost Airport","67.5278","12.1033"
"ENRY","RYG","Moss Airport","59.3788","10.7854"
"ENSB","LYR","Svalbard Airport","78.2461","15.4656"
"ENSD","SDN","Sandane Airport","61.83","6.10583"
"ENSG","SOG","Sogndal Airport","61.1561","7.13778"
"ENSH","SVJ","Svolvaer Airport","68.2433","14.6692"
"ENSK","SKN","Stokmarknes Airport","68.5788","15.0334"
"ENSN","SKE","Skien Airport","59.185","9.56694"
"ENSO","SRP","Stord Airport","59.7919","5.34085"
"ENSR","SOJ","Sorkjosen Airport","69.7868","20.9594"
"ENSS","VAW","Varddo Air","70.3554","31.0449"
"ENST","SSJ","Sandnessjoen Airport","65.9568","12.4689"
"ENTC","TOS","Tromse Airport","69.6833","18.9189"
"ENTO","TRF","Sandefjord Airport","59.1867","10.2586"
"ENVA","TRD","Trondheim Airport","63.4578","10.924"
"ENVD","VDS","Vadso Airport","70.0653","29.8447"
"ENZV","SVG","Stavanger Airport","58.8767","5.63778"
"EPBP","BXP","Biala Podlaska Airport","52.0008","23.1325"
"EPBY","BZG","Bydgoszcz Ignacy Jan Paderewski Airport","53.0968","17.9777"
"EPGD","GDN","Gdansk Lech Walesa Airport","54.3776","18.4662"
"EPKK","KRK","John Paul II International Airport Krakow-Balice","50.0777","19.7848"
"EPKT","KTW","Katowice International Airport","50.4743","19.08"
"EPKZ","OSZ","Koszalin-Zegrze Pomorskie Airport","54.0425","16.2656"
"EPLB","LUZ","Lublin Airport","51.2403","22.7136"
"EPLL","LCJ","Lodz Wladyslaw Reymont Airport","51.7219","19.3981"
"EPMO","WMI","Warsaw Modlin Airport","52.4511","20.6518"
"EPPO","POZ","PoznaÅ„â€“Åawica Henryk Wieniawski Airport","52.421","16.8263"
"EPRA","RDO","Radom Airport","51.3892","21.2133"
"EPRU","CZW","Czestochowa-Rudniki Airport","50.885","19.2047"
"EPRZ","RZE","Rzeszow-Jasionka Airport","50.11","22.019"
"EPSC","SZZ","Solidarity Szczecin-Goleniow Airport","53.5847","14.9022"
"EPSY","SZY","Olsztyn-Mazury Regional Airport","53.4819","20.9377"
"EPWA","WAW","Warsaw Chopin Airport","52.1657","20.9671"
"EPWR","WRO","Copernicus Airport Wroclaw","51.1027","16.8858"
"EPZG","IEG","Zielona Gora Airport","52.1385","15.7986"
"ESDF","RNB","Ronneby Airport","56.2667","15.265"
"ESGG","GOT","Goteborg Landvetter Airport","57.6628","12.2798"
"ESGJ","JKG","Jonkoping Airport","57.7576","14.0687"
"ESGL","LDK","Lidkoping-Hovby Airport","58.4655","13.1744"
"ESGP","GSE","Goteborg City Airport","57.7747","11.8704"
"ESGR","KVB","Skovde Airport","58.4564","13.9727"
"ESGT","THN","Trollhattan-Vanersborg Airport","58.3181","12.345"
"ESKK","KSK","Karlskoga Airport","59.3459","14.4959"
"ESKM","MXX","Mora-Siljan Airport","60.9579","14.5114"
"ESKN","NYO","Stockholm Skavsta Airport","58.7886","16.9122"
"ESMK","KID","Kristianstad Airport","55.9217","14.0855"
"ESMO","OSK","Oskarshamn Airport","57.3505","16.498"
"ESMQ","KLR","Kalmar Airport","56.6855","16.2876"
"ESMS","MMX","Malmo Airport","55.5346","13.3704"
"ESMT","HAD","Halmstad Airport (Halmstad City Airport)","56.6911","12.8202"
"ESMX","VXO","Vaxjo Smaland Airport","56.9291","14.728"
"ESND","EVG","Sveg Airport","62.0478","14.4229"
"ESNG","GEV","Gallivare Airport","67.1324","20.8146"
"ESNH","HUV","Hudiksvall Airport","61.7681","17.0807"
"ESNK","KRF","Hoga Kusten Airport (Kramfors-Solleftea Airport)","63.0486","17.7689"
"ESNL","LYC","Lycksele Airport","64.5483","18.7162"
"ESNN","SDL","Sundsvall-Timra Airport (Midlanda Airport)","62.5281","17.4439"
"ESNO","OER","Ornskoldsvik Airport","63.4083","18.99"
"ESNQ","KRN","Kiruna Airport","67.822","20.3368"
"ESNS","SFT","Skelleftea Airport","64.6248","21.0769"
"ESNU","UME","Umea Airport","63.7918","20.2828"
"ESNV","VHM","Vilhelmina Airport","64.5791","16.8336"
"ESNX","AJR","Arvidsjaur Airport","65.5903","19.2819"
"ESNY","SOO","Soderhamn Airport (Helsinge Airport)","61.2615","17.0991"
"ESNZ","OSD","Are Ostersund Airport","63.1944","14.5003"
"ESOE","ORB","Orebro Airport","59.2237","15.038"
"ESOH","HFS","Hagfors Airport","60.0201","13.5789"
"ESOK","KSD","Karlstad Airport","59.4447","13.3374"
"ESOW","VST","Stockholm Vasteras Airport","59.6018","16.6284"
"ESPA","LLA","Lulea Airport (Kallax Airport)","65.5438","22.122"
"ESSA","ARN","Stockholm Arlanda Airport","59.6519","17.9186"
"ESSB","BMA","Stockholm Bromma Airport","59.3556","17.9436"
"ESSD","BLE","Dala Airport (Borlange Airport)","60.422","15.5152"
"ESSF","HLF","Hultsfred-Vimmerby Airport","57.5258","15.8233"
"ESSK","GVX","Gavle-Sandviken Airport","60.5933","16.9514"
"ESSL","LPI","Linkoping City Airport","58.4062","15.6805"
"ESSP","NRK","Norrkoping Airport","58.5863","16.2506"
"ESST","TYF","Torsby Airport","60.1576","12.9913"
"ESSU","EKT","Eskilstuna Airport","59.3511","16.7084"
"ESSV","VBY","Visby Airport","57.6628","18.3462"
"ESSW","VVK","Vastervik Airport","57.78","16.5236"
"ESTA","AGH","Angelholm-Helsingborg Airport","56.2961","12.8471"
"ESUD","SQO","Storuman Airport","64.9609","17.6966"
"ESUE","IDB","Idre Airport","61.8697","12.6894"
"ESUP","PJA","Pajala Airport","67.2456","23.0689"
"ESUT","HMV","Hemavan Tarnaby Airport","65.8061","15.0828"
"ETAD","SPM","Spangdahlem Air Base","49.9727","6.6925"
"ETAR","RMS","Ramstein Air Base","49.4369","7.60028"
"ETHF","FRZ","Fritzlar Air Base","51.1146","9.286"
"ETIE","HDB","Heidelberg Airport","49.3924","8.65193"
"ETIK","ILH","Illesheim Army Airfield","49.4739","10.3881"
"ETIN","KZG","Kitzingen Airport","49.7431","10.2006"
"ETMN","FCN","Nordholz Naval Airbase","53.7677","8.6585"
"ETNG","GKE","NATO Air Base Geilenkirchen","50.9608","6.04242"
"ETNL","RLG","Rostock-Laage Airport","53.9182","12.2783"
"ETNS","WBG","Schleswig Air Base","54.4593","9.51633"
"ETOU","WIE","Wiesbaden Army Airfield","50.0498","8.3254"
"ETSF","FEL","Furstenfeldbruck Air Base","48.2056","11.2669"
"ETSI","IGS","Ingolstadt Manching Airport","48.7157","11.534"
"ETUO","GUT","RAF Gutersloh","51.9228","8.30633"
"EVDA","DGP","Daugavpils International Airport","55.9447","26.665"
"EVLA","LPX","Liepaja International Airport","56.5175","21.0969"
"EVRA","RIX","Riga International Airport","56.9236","23.9711"
"EVVA","VNT","Ventspils International Airport","57.3578","21.5442"
"EYKA","KUN","Kaunas International Airport","54.9639","24.0848"
"EYPA","PLQ","Palanga International Airport","55.9732","21.0939"
"EYPP","PNV","Panevezys Air Base (Pajuostis Airport)","55.7294","24.4608"
"EYSA","SQQ","Siauliai International Airport","55.8939","23.395"
"EYVI","VNO","Vilnius Airport","54.6341","25.2858"
