KAAF,AAF,Apalachicola Regional Airport,29.7275,-85.0275
KABE,ABE,Lehigh Valley International Airport,40.6521,-75.4408
KABI,ABI,Abilene Regional Airport,32.4113,-99.6819
KABQ,ABQ,Albuquerque International Sunport,35.0402,-106.609
KABR,ABR,Aberdeen Regional Airport,45.4491,-98.4218
KABY,ABY,Southwest Georgia Regional Airport,31.5355,-84.1945
KACB,ACB,Antrim County Airport,44.9886,-85.1984
KACK,ACK,Nantucket Memorial Airport,41.2531,-70.0602
KACT,ACT,Waco Regional Airport,31.6113,-97.2305
KACV,ACV,Arcata-Eureka Airport,40.9781,-124.109
KACY,ACY,Atlantic City International Airport,39.4576,-74.5772
KADG,ADG,Lenawee County Airport,41.8677,-84.0773
KADH,ADT,Ada Municipal Airport,34.8043,-96.6713
KADM,ADM,Ardmore Municipal Airport,34.303,-97.0196
KADS,ADS,Addison Airport,32.9686,-96.8364
KADW,ADW,Andrews Field (Andrews Air Force Base),38.8108,-76.867
KAEL,AEL,Albert Lea Municipal Airport,43.6815,-93.3672
KAEX,AEX,Alexandria International Airport,31.3274,-92.5498
KAFF,AFF,United States Air Force Academy Airfield,38.9697,-104.813
KAFJ,WSG,Washington County Airport,40.1365,-80.2902
KAFN,AFN,Jaffrey Airport-Silver Ranch,42.8051,-72.003
KAFO,AFO,Afton Municipal Airport,42.7112,-110.942
KAFW,AFW,Fort Worth Alliance Airport,32.9876,-97.3188
KAGC,AGC,Allegheny County Airport,40.3544,-79.9302
KAGO,AGO,Magnolia Municipal Airport,33.228,-93.217
KAGS,AGS,Augusta Regional Airport at Bush Field,33.3699,-81.9645
KAHC,AHC,Amedee Army Airfield,40.2662,-120.153
KAHH,AHH,Amery Municipal Airport,45.2811,-92.3754
KAHN,AHN,Athens Ben Epps Airport,33.9486,-83.3263
KAIA,AIA,Alliance Municipal Airport,42.0532,-102.804
KAID,AID,Anderson Municipal Airport (Darlington Field),40.1086,-85.613
KAIK,AIK,Aiken Municipal Airport,33.6494,-81.685
KAIO,AIO,Atlantic Municipal Airport,41.4073,-95.0469
KAIV,AIV,George Downer Airport,33.1065,-88.1978
KAIZ,AIZ,Lee C. Fine Memorial Airport,38.096,-92.5495
KAKO,AKO,Colorado Plains Regional Airport,40.1756,-103.222
KAKR,AKC,Akron Fulton International Airport,41.0375,-81.4669
KALB,ALB,Albany International Airport,42.7483,-73.8017
KALI,ALI,Alice International Airport,27.7409,-98.0269
KALM,ALM,Alamogordo-White Sands Regional Airport,32.8399,-105.991
KALN,ALN,St. Louis Regional Airport,38.8903,-90.046
KALO,ALO,Waterloo Regional Airport,42.5571,-92.4003
KALS,ALS,San Luis Valley Regional Airport,37.4349,-105.867
KALW,ALW,Walla Walla Regional Airport,46.0949,-118.288
KALX,ALX,Thomas C. Russell Field,32.9147,-85.963
KAMA,AMA,Rick Husband Amarillo International Airport,35.2194,-101.706
KAMN,AMN,Gratiot Community Airport,43.3221,-84.688
KAMW,AMW,Ames Municipal Airport,41.992,-93.6218
KANB,ANB,Anniston Regional Airport,33.5882,-85.8581
KAND,AND,Anderson Regional Airport,34.4946,-82.7094
KANK,SLT,Harriet Alexander Field,38.5383,-106.049
KANP,ANP,Lee Airport,38.9429,-76.5684
KANQ,ANQ,Tri-State Steuben County Airport,41.6397,-85.0835
KANW,ANW,Ainsworth Regional Airport,42.5792,-99.993
KANY,ANY,Anthony Municipal Airport,37.1585,-98.0796
KAOH,AOH,Lima Allen County Airport,40.7069,-84.0267
KAOO,AOO,Altoona-Blair County Airport,40.2964,-78.32
KAPA,APA,Centennial Airport,39.5701,-104.849
KAPC,APC,Napa County Airport,38.2132,-122.281
KAPF,APF,Naples Municipal Airport,26.1526,-81.7753
KAPG,APG,Phillips Army Airfield,39.4662,-76.1688
KAPH,APH,A.P. Hill Army Airfield,38.0689,-77.3183
KAPN,APN,Alpena County Regional Airport,45.0781,-83.5603
KAPT,APT,Marion County Airport (Brown Field),35.0607,-85.5853
KAPV,APV,Apple Valley Airport,34.5753,-117.186
KARA,ARA,Acadiana Regional Airport,30.0378,-91.8839
KARB,ARB,Ann Arbor Municipal Airport,42.223,-83.7456
KARG,ARG,Walnut Ridge Regional Airport,36.1247,-90.9251
KARM,WHT,Wharton Regional Airport,29.2543,-96.1544
KARR,AUZ,Aurora Municipal Airport,41.7719,-88.4757
KART,ART,Watertown International Airport,43.9919,-76.0217
KARV,ARV,Lakeland Airport (Noble F. Lee Memorial Field),45.9279,-89.7309
KARW,BFT,Beaufort County Airport,32.4122,-80.6344
KASE,ASE,Aspen-Pitkin County Airport (Sardy Field),39.2232,-106.869
KASG,SPZ,Springdale Municipal Airport,36.1764,-94.1193
KASH,ASH,Nashua Airport (Boire Field),42.7817,-71.5148
KASL,ASL,Harrison County Airport,32.5205,-94.3078
KASN,ASN,Talladega Municipal Airport,33.5699,-86.0509
KAST,AST,Astoria Regional Airport,46.158,-123.879
KASX,ASX,John F. Kennedy Memorial Airport,46.5485,-90.919
KASY,ASY,Ashley Municipal Airport,46.0239,-99.3526
KATL,ATL,Hartsfield-Jackson Atlanta International Airport,33.6367,-84.4281
KATS,ATS,Artesia Municipal Airport,32.8525,-104.468
KATW,ATW,Appleton International Airport,44.2581,-88.5191
KATY,ATY,Watertown Regional Airport,44.914,-97.1547
KAUG,AUG,Augusta State Airport,44.3206,-69.7973
KAUM,AUM,Austin Municipal Airport,43.665,-92.9334
KAUN,AUN,Auburn Municipal Airport,38.9548,-121.082
KAUO,AUO,Auburn University Regional Airport,32.6151,-85.434
KAUS,AUS,Austin-Bergstrom International Airport,30.1945,-97.6699
KAUW,AUW,Wausau Downtown Airport,44.9262,-89.6266
KAVL,AVL,Asheville Regional Airport,35.4362,-82.5418
KAVO,AVO,Avon Park Executive Airport,27.5912,-81.5278
KAVP,AVP,Wilkes-Barre/Scranton International Airport,41.3385,-75.7234
KAVQ,AVW,Marana Regional Airport,32.4096,-111.218
KAVX,AVX,Catalina Airport,33.4049,-118.416
KAWM,AWM,West Memphis Municipal Airport,35.1351,-90.2344
KAXA,AXG,Algona Municipal Airport,43.0779,-94.272
KAXN,AXN,Alexandria Municipal Airport (Chandler Field),45.8663,-95.3947
KAXS,AXS,Altus/Quartz Mountain Regional Airport,34.698,-99.3385
KAXV,AXV,Neil Armstrong Airport,40.4934,-84.2989
KAXX,AXX,Angel Fire Airport,36.422,-105.29
KAYS,AYS,Waycross-Ware County Airport,31.2491,-82.3955
KAZO,AZO,Kalamazoo/Battle Creek International Airport,42.2349,-85.5521
KBAB,BAB,Beale Air Force Base,39.1361,-121.437
KBAD,BAD,Barksdale Air Force Base,32.5018,-93.6627
KBAF,BAF,Westfield-Barnes Regional Airport,42.1578,-72.7156
KBAK,CLU,Columbus Municipal Airport,39.2619,-85.8963
KBAM,BAM,Battle Mountain Airport (Lander County Airport),40.599,-116.874
KBAZ,,New Braunfels National Airport,29.703,-98.0411
KBBB,BBB,Benson Municipal Airport,45.3319,-95.6506
KBBD,BBD,Curtis Field,31.1793,-99.3239
KBBG,BKG,Branson Airport,36.5321,-93.2005
KBBP,BTN,Marlboro County Jetport,34.6217,-79.7344
KBBW,BBW,Broken Bow Municipal Airport,41.4365,-99.6422
KBCB,BCB,Virginia Tech Montgomery Executive Airport,37.2076,-80.4078
KBCE,BCE,Bryce Canyon Airport,37.7064,-112.145
KBCT,BCT,Boca Raton Airport,26.3785,-80.1077
KBDE,BDE,Baudette International Airport,48.7284,-94.6122
KBDG,BDG,Blanding Municipal Airport,37.5833,-109.483
KBDH,ILL,Willmar Municipal Airport (John L. Rice Field),45.1177,-95.1304
KBDL,BDL,Bradley International Airport,41.9392,-72.6833
KBDR,BDR,Igor I. Sikorsky Memorial Airport,41.1635,-73.1262
KBDU,WBU,Boulder Municipal Airport,40.0394,-105.226
KBEC,BEC,Beech Factory Airport,37.6945,-97.215
KBED,BED,Laurence G. Hanscom Field,42.47,-71.289
KBEH,BEH,Southwest Michigan Regional Airport,42.1286,-86.4285
KBFD,BFD,Bradford Regional Airport,41.8031,-78.6401
KBFF,BFF,Western Nebraska Regional Airport (William B. Heilig Field),41.874,-103.596
KBFI,BFI,Boeing Field/King County International Airport,47.53,-122.302
KBFL,BFL,Meadows Field Airport,35.4336,-119.057
KBFM,BFM,Mobile Downtown Airport,30.6268,-88.0681
KBFR,BFR,Virgil I. Grissom Municipal Airport,38.84,-86.4454
KBGD,BGD,Hutchinson County Airport,35.7009,-101.394
KBGE,BGE,Decatur County Industrial Air Park,30.9715,-84.6374
KBGM,BGM,Greater Binghamton Airport (Edwin A. Link Field),42.2087,-75.9798
KBGR,BGR,Bangor International Airport,44.8074,-68.8281
KBHB,BHB,Hancock County-Bar Harbor Airport,44.45,-68.3615
KBHM,BHM,Birmingham-Shuttlesworth International Airport,33.5629,-86.7535
KBID,BID,Block Island State Airport,41.1681,-71.5778
KBIE,BIE,Beatrice Municipal Airport,40.3013,-96.7541
KBIF,BIF,Biggs Army Airfield,31.8495,-106.38
KBIH,BIH,Eastern Sierra Regional Airport,37.3731,-118.364
KBIL,BIL,Billings Logan International Airport,45.8077,-108.543
KBIS,BIS,Bismarck Municipal Airport,46.7727,-100.746
KBIX,BIX,Keesler Air Force Base,30.4104,-88.9244
KBJC,BJC,Rocky Mountain Metropolitan Airport,39.9088,-105.117
KBJI,BJI,Bemidji Regional Airport,47.5094,-94.9337
KBJJ,BJJ,Wayne County Airport,40.8748,-81.8883
KBKD,BKD,Stephens County Airport,32.719,-98.891
KBKE,BKE,Baker City Municipal Airport,44.8373,-117.809
KBKF,BFK,Buckley Air Force Base,39.7017,-104.752
KBKL,BKL,Cleveland Burke Lakefront Airport,41.5175,-81.6833
KBKN,BWL,Blackwell-Tonkawa Municipal Airport,36.7959,-97.317
KBKT,BKT,Blackstone Army Airfield (Allen C. Perkinson Airport),37.0742,-77.9575
KBKW,BKW,Raleigh County Memorial Airport,37.7873,-81.1242
KBKX,BKX,Brookings Regional Airport,44.3048,-96.8169
KBLF,BLF,Mercer County Airport,37.2958,-81.2077
KBLH,BLH,Blythe Airport,33.6192,-114.717
KBLI,BLI,Bellingham International Airport,48.7928,-122.538
KBLM,BLM,Monmouth Executive Airport,40.1869,-74.1249
KBLU,BLU,Blue Canyon-Nyack Airport,39.275,-120.71
KBLV,BLV,MidAmerica St. Louis Airport / Scott Air Force Base,38.5452,-89.8352
KBMC,BMC,Brigham City Airport,41.5524,-112.062
KBMG,BMG,Monroe County Airport,39.146,-86.6167
KBMI,BMI,Central Illinois Regional Airport,40.4771,-88.9159
KBML,BML,Berlin Regional Airport,44.5754,-71.1759
KBMT,BMT,Beaumont Municipal Airport,30.0707,-94.2158
KBNA,BNA,Nashville International Airport,36.1245,-86.6782
KBNG,BNG,Banning Municipal Airport,33.9231,-116.851
KBNL,BNL,Barnwell Regional Airport,33.2578,-81.3883
KBNO,BNO,Burns Municipal Airport,43.5919,-118.955
KBNW,BNW,Boone Municipal Airport,42.0496,-93.8476
KBOI,BOI,Boise Air Terminal (Gowen Field),43.5644,-116.223
KBOK,BOK,Brookings Airport,42.0746,-124.29
KBOS,BOS,Logan International Airport,42.3643,-71.0052
KBOW,BOW,Bartow Municipal Airport,27.9434,-81.7834
KBPG,HCA,Big Spring McMahon-Wrinkle Airport,32.2126,-101.522
KBPI,BPI,Miley Memorial Field,42.5851,-110.111
KBPK,WMH,Ozark Regional Airport,36.3689,-92.4705
KBPP,BWM,Bowman Municipal Airport,46.1655,-103.301
KBPT,BPT,Jack Brooks Regional Airport,29.9508,-94.0207
KBQK,BQK,Brunswick Golden Isles Airport,31.2588,-81.4665
KBRD,BRD,Brainerd Lakes Regional Airport,46.3983,-94.1381
KBRL,BRL,Southeast Iowa Regional Airport,40.7832,-91.1255
KBRO,BRO,Brownsville/South Padre Island International Airport,25.9068,-97.4259
KBRY,BRY,Samuels Field,37.8143,-85.4996
KBTF,BTF,Skypark Airport,40.8694,-111.927
KBTL,BTL,W. K. Kellogg Airport,42.3073,-85.2515
KBTM,BTM,Bert Mooney Airport,45.9548,-112.497
KBTN,TTO,Britton Municipal Airport,45.8152,-97.7431
KBTP,BTP,Butler County Airport (K.W. Scholter Field),40.7769,-79.9497
KBTR,BTR,Baton Rouge Metropolitan Airport (Ryan Field),30.5332,-91.1496
KBTV,BTV,Burlington International Airport,44.4719,-73.1533
KBTY,BTY,Beatty Airport,36.8611,-116.787
KBUB,BUB,Cram Field,41.7767,-99.1497
KBUF,BUF,Buffalo Niagara International Airport,42.9405,-78.7322
KBUM,BUM,Butler Memorial Airport,38.2898,-94.3401
KBUR,BUR,Bob Hope Airport,34.2007,-118.359
KBVI,BFP,Beaver County Airport,40.7725,-80.3914
KBVO,BVO,Bartlesville Municipal Airport,36.7625,-96.0112
KBVS,MVW,Skagit Regional Airport,48.4709,-122.421
KBVX,BVX,Batesville Regional Airport,35.7262,-91.6473
KBVY,BVY,Beverly Municipal Airport,42.5842,-70.9165
KBWC,BWC,Brawley Municipal Airport,32.9929,-115.517
KBWD,BWD,Brownwood Regional Airport,31.7936,-98.9565
KBWG,BWG,Bowling Green-Warren County Regional Airport,36.9645,-86.4197
KBWI,BWI,Baltimore/Washington International Airport,39.1753,-76.6683
KBWP,WAH,Harry Stern Airport,46.2441,-96.6074
KBXA,BXA,George R. Carr Memorial Air Field,30.8137,-89.865
KBXK,BXK,Buckeye Municipal Airport,33.4204,-112.686
KBXM,NHZ,Brunswick Executive Airport,43.8922,-69.9386
KBYG,BYG,Johnson County Airport,44.3811,-106.722
KBYH,BYH,Arkansas International Airport,35.9643,-89.944
KBYI,BYI,Burley Municipal Airport,42.5426,-113.772
KBYS,BYS,Bicycle Lake Army Airfield (Fort Irwin),35.2805,-116.63
KBYY,BBC,Bay City Municipal Airport,28.9733,-95.8635
KBZN,BZN,Bozeman Yellowstone International Airport (Gallatin Field),45.7775,-111.153
KCAD,CAD,Wexford County Airport,44.2753,-85.4189
KCAE,CAE,Columbia Metropolitan Airport,33.9388,-81.1195
KCAG,CIG,Craig-Moffat Airport,40.4952,-107.522
KCAK,CAK,Akron-Canton Airport,40.9161,-81.4422
KCAO,CAO,Clayton Municipal Airpark,36.4462,-103.167
KCAR,CAR,Caribou Municipal Airport,46.8715,-68.0179
KCBE,CBE,Greater Cumberland Regional Airport,39.6154,-78.7609
KCBF,CBF,Council Bluffs Municipal Airport,41.2592,-95.7606
KCBK,CBK,Colby Municipal Airport (Shalz Field),39.4275,-101.047
KCBM,CBM,Columbus Air Force Base,33.6438,-88.4438
KCCB,CCB,Cable Airport,34.1116,-117.688
KCCR,CCR,Buchanan Field Airport,37.9897,-122.057
KCCY,CCY,Northeast Iowa Regional Airport,43.0726,-92.6108
KCDA,LLX,Caledonia County Airport,44.5691,-72.018
KCDC,CDC,Cedar City Regional Airport,37.701,-113.099
KCDH,CDH,Harrell Field,33.6228,-92.7634
KCDK,CDK,George T. Lewis Airport,29.1342,-83.0505
KCDN,CDN,Woodward Field,34.2836,-80.5649
KCDR,CDR,Chadron Municipal Airport,42.8376,-103.095
KCDS,CDS,Childress Municipal Airport,34.4338,-100.288
KCDW,CDW,Essex County Airport,40.8752,-74.2814
KCEA,CEA,Cessna Aircraft Field,37.6486,-97.2506
KCEC,CEC,Del Norte County Airport (Jack McNamara Field),41.7802,-124.237
KCEU,CEU,Oconee County Regional Airport,34.6719,-82.8865
KCEV,CEV,Mettel Field,39.6985,-85.1297
KCEW,CEW,Bob Sikes Airport,30.7788,-86.5221
KCEY,CEY,Murray-Calloway County Airport,36.6646,-88.3728
KCEZ,CEZ,Cortez Municipal Airport,37.303,-108.628
KCFD,CFD,Coulter Field,30.7157,-96.3314
KCFS,TZC,Tuscola Area Airport,43.4588,-83.4455
KCFT,CFT,Greenlee County Airport,32.9528,-109.21
KCFV,CFV,Coffeyville Municipal Airport,37.094,-95.5719
KCGE,CGE,Cambridge-Dorchester Airport,38.5393,-76.0304
KCGF,CGF,Cuyahoga County Airport,41.5651,-81.4864
KCGI,CGI,Cape Girardeau Regional Airport,37.2253,-89.5708
KCGS,CGS,College Park Airport,38.9806,-76.9223
KCGZ,CGZ,Casa Grande Municipal Airport,32.9549,-111.767
KCHA,CHA,Chattanooga Metropolitan Airport (Lovell Field),35.0353,-85.2038
KCHK,CHK,Chickasha Municipal Airport,35.0974,-97.9677
KCHO,CHO,Charlottesville-Albemarle Airport,38.1386,-78.4529
KCHS,CHS,Charleston International Airport / Charleston Air Force Base,32.8986,-80.0405
KCIC,CIC,Chico Municipal Airport,39.7954,-121.858
KCID,CID,The Eastern Iowa Airport,41.8847,-91.7108
KCIN,CIN,Arthur N. Neu Airport,42.0462,-94.789
KCIR,CIR,Cairo Regional Airport,37.0645,-89.2196
KCIU,CIU,Chippewa County International Airport,46.2508,-84.4724
KCKA,CKA,Kegelman Air Force Auxiliary Field,36.7439,-98.1231
KCKB,CKB,North Central West Virginia Airport,39.2966,-80.2281
KCKC,GRM,Grand Marais/Cook County Airport,47.8383,-90.3829
KCKM,CKM,Fletcher Field,34.2997,-90.5123
KCKN,CKN,Crookston Municipal Airport (Kirkwood Field),47.8417,-96.6216
KCKV,CKV,Clarksville-Montgomery County Regional Airport (Outlaw Field),36.6219,-87.415
KCLE,CLE,Cleveland Hopkins International Airport,41.4117,-81.8498
KCLI,CLI,Clintonville Municipal Airport,44.6138,-88.7313
KCLK,CLK,Clinton Regional Airport,35.5383,-98.9327
KCLL,CLL,Easterwood Airport (Easterwood Field),30.5886,-96.3638
KCLM,CLM,William R. Fairchild International Airport,48.1202,-123.5
KCLR,CLR,Cliff Hatfield Memorial Airport,33.1315,-115.521
KCLS,CLS,Chehalis-Centralia Airport,46.677,-122.983
KCLT,CLT,Charlotte Douglas International Airport,35.214,-80.9431
KCLW,CLW,Clearwater Air Park,27.9767,-82.7587
KCMH,CMH,John Glenn Columbus International Airport,39.998,-82.8919
KCMI,CMI,University of Illinois Willard Airport,40.0392,-88.2781
KCMX,CMX,Houghton County Memorial Airport,47.1684,-88.4891
KCMY,CMY,Sparta/Fort McCoy Airport,43.9583,-90.7379
KCNH,CNH,Claremont Municipal Airport,43.3704,-72.3687
KCNK,CNK,Blosser Municipal Airport,39.5493,-97.6523
KCNM,CNM,Cavern City Air Terminal,32.3375,-104.263
KCNO,CNO,Chino Airport,33.9747,-117.637
KCNU,CNU,Chanute Martin Johnson Airport,37.6688,-95.4851
KCNW,CNW,TSTC Waco Airport,31.6378,-97.0741
KCNY,CNY,Canyonlands Field,38.755,-109.755
KCOD,COD,Yellowstone Regional Airport,44.5202,-109.024
KCOE,COE,Coeur d'Alene Airport,47.7743,-116.82
KCOF,COF,Patrick Air Force Base,28.2349,-80.6101
KCOI,COI,Merritt Island Airport,28.3416,-80.6855
KCOM,COM,Coleman Municipal Airport,31.8411,-99.4036
KCON,CON,Concord Municipal Airport,43.2027,-71.5023
KCOS,COS,Colorado Springs Airport,38.8058,-104.701
KCOT,COT,Cotulla-La Salle County Airport,28.4567,-99.2203
KCOU,COU,Columbia Regional Airport,38.8181,-92.2196
KCPM,CPM,Compton/Woodley Airport,33.89,-118.244
KCPR,CPR,Casper-Natrona County International Airport,42.908,-106.464
KCPS,CPS,St. Louis Downtown Airport,38.5707,-90.1562
KCQW,HCW,Cheraw Municipal Airport (Lynch Bellinger Field,34.7129,-79.957
KCRE,CRE,Grand Strand Airport,33.8117,-78.7239
KCRG,CRG,Jacksonville Executive at Craig Airport,30.3363,-81.5144
KCRO,CRO,Corcoran Airport,36.1025,-119.595
KCRP,CRP,Corpus Christi International Airport,27.7704,-97.5012
KCRQ,CLD,McClellan-Palomar Airport,33.1283,-117.28
KCRS,CRS,C. David Campbell Field (Corsicana Municipal Airport),32.0281,-96.4006
KCRT,CRT,Z. M. Jack Stell Field,33.1783,-91.8802
KCRW,CRW,Yeager Airport,38.3731,-81.5932
KCRX,CRX,Roscoe Turner Airport,34.915,-88.6035
KCSG,CSG,Columbus Airport,32.5163,-84.9389
KCSM,CSM,Clinton-Sherman Airport,35.3398,-99.2005
KCSQ,CSQ,Creston Municipal Airport,41.0214,-94.3633
KCSV,CSV,Crossville Memorial-Whitson Field,35.9513,-85.085
KCTB,CTB,Cut Bank Municipal Airport,48.6084,-112.376
KCTY,CTY,Cross City Airport,29.6355,-83.1048
KCTZ,CTZ,Clinton-Sampson County Airport,34.9756,-78.3646
KCUB,CUB,Jim Hamilton-L.B. Owens Airport,33.9705,-80.9952
KCUH,CUH,Cushing Municipal Airport,35.9499,-96.7731
KCVG,CVG,Cincinnati/Northern Kentucky International Airport,39.0488,-84.6678
KCVH,HLI,Hollister Municipal Airport,36.8933,-121.41
KCVK,CKK,Sharp County Regional Airport,36.2649,-91.5626
KCVN,CVN,Clovis Municipal Airport,34.4251,-103.079
KCVO,CVO,Corvallis Municipal Airport,44.4972,-123.29
KCVS,CVS,Cannon Air Force Base,34.3828,-103.322
KCWA,CWA,Central Wisconsin Airport,44.7776,-89.6668
KCWC,KIP,Kickapoo Downtown Airport,33.8578,-98.4904
KCWF,CWF,Chennault International Airport,30.2106,-93.1432
KCWI,CWI,Clinton Municipal Airport,41.8311,-90.3291
KCXL,CXL,Calexico International Airport,32.6695,-115.513
KCXO,CXO,Lone Star Executive Airport,30.3518,-95.4145
KCXP,CSN,Carson Airport,39.1922,-119.734
KCXY,HAR,Capital City Airport,40.2171,-76.8515
KCYS,CYS,Cheyenne Regional Airport (Jerry Olson Field),41.1557,-104.812
KCZK,CZK,Cascade Locks State Airport,45.6769,-121.879
KCZT,CZT,Dimmit County Airport,28.5222,-99.8236
KDAA,DAA,Davison Army Airfield,38.715,-77.181
KDAB,DAB,Daytona Beach International Airport,29.1799,-81.0581
KDAG,DAG,Barstow-Daggett Airport,34.8537,-116.787
KDAL,DAL,Dallas Love Field,32.8471,-96.8518
KDAN,DAN,Danville Regional Airport,36.5729,-79.3361
KDAY,DAY,Dayton International Airport,39.9024,-84.2194
KDBN,DBN,W. H. 'Bud' Barron Airport,32.5644,-82.9853
KDBQ,DBQ,Dubuque Regional Airport,42.402,-90.7095
KDCA,DCA,Ronald Reagan Washington National Airport,38.8522,-77.0378
KDCU,DCU,Pryor Field Regional Airport,34.6527,-86.9454
KDDC,DDC,Dodge City Regional Airport,37.7634,-99.9656
KDEC,DEC,Decatur Airport,39.8346,-88.8657
KDEH,DEH,Decorah Municipal Airport,43.2755,-91.7394
KDEN,DEN,Denver International Airport,39.8617,-104.673
KDFI,DFI,Defiance Memorial Airport,41.3375,-84.4288
KDFW,DFW,Dallas/Fort Worth International Airport,32.8968,-97.038
KDGL,DGL,Douglas Municipal Airport,31.3426,-109.506
KDGW,DGW,Converse County Airport,42.7972,-105.386
KDHN,DHN,Dothan Regional Airport,31.3213,-85.4496
KDHT,DHT,Dalhart Municipal Airport,36.0226,-102.547
KDIK,DIK,Dickinson Theodore Roosevelt Regional Airport,46.7974,-102.802
KDKK,DKK,Chautauqua County/Dunkirk Airport,42.4933,-79.272
KDLC,DLL,Dillon County Airport,34.4491,-79.3686
KDLF,DLF,Laughlin Air Force Base,29.3595,-100.778
KDLH,DLH,Duluth International Airport,46.8421,-92.1936
KDLN,DLN,Dillon Airport,45.2554,-112.553
KDLS,DLS,Columbia Gorge Regional Airport (The Dalles Municipal Airport),45.6185,-121.167
KDMA,DMA,Davis-Monthan Air Force Base,32.1665,-110.883
KDMN,DMN,Deming Municipal Airport,32.2623,-107.721
KDMO,DMO,Sedalia Regional Airport,38.7074,-93.1759
KDNL,DNL,Daniel Field,33.4665,-82.0394
KDNN,DNN,Dalton Municipal Airport,34.7229,-84.8702
KDNS,DNS,Denison Municipal Airport,41.9864,-95.3807
KDNV,DNV,Vermilion Regional Airport,40.1992,-87.5959
KDOV,DOV,Dover Air Force Base,39.1295,-75.466
KDPA,DPA,DuPage Airport,41.9078,-88.2486
KDPG,DPG,Michael Army Airfield,40.1994,-112.937
KDRA,DRA,Desert Rock Airport,36.6194,-116.033
KDRI,DRI,Beauregard Regional Airport,30.8317,-93.3399
KDRM,DRE,Drummond Island Airport,46.0093,-83.7439
KDRO,DRO,Durango-La Plata County Airport,37.1515,-107.754
KDRT,DRT,Del Rio International Airport,29.3742,-100.927
KDSM,DSM,Des Moines International Airport,41.534,-93.6631
KDSV,DSV,Dansville Municipal Airport,42.5709,-77.7131
KDTA,DTA,Delta Municipal Airport,39.3806,-112.508
KDTL,DTL,Detroit Lakes Airport (Wething Field),46.8252,-95.8857
KDTN,DTN,Shreveport Downtown Airport,32.5402,-93.745
KDTS,DSI,Destin Executive Airport,30.4001,-86.4715
KDTW,DTW,Detroit Metro Wayne County Airport,42.2125,-83.3533
KDUA,DUA,Durant Regional Airport-Eaker Field,33.9423,-96.3945
KDUC,DUC,Halliburton Field,34.4709,-97.9599
KDUG,DUG,Bisbee Douglas International Airport,31.469,-109.604
KDUJ,DUJ,DuBois Regional Airport,41.1783,-78.8987
KDVL,DVL,Devils Lake Regional Airport (Devils Lake Municipal Airport),48.1142,-98.9088
KDVN,DVN,Davenport Municipal Airport,41.6103,-90.5883
KDVO,NOT,Marin County Airport (Gnoss Field),38.1436,-122.556
KDVP,NSL,Slayton Municipal Airport,43.9868,-95.7826
KDVT,DVT,Phoenix Deer Valley Airport,33.6883,-112.083
KDWH,DWH,David Wayne Hooks Memorial Airport,30.0618,-95.5528
KDXR,DXR,Danbury Municipal Airport,41.3715,-73.4822
KDYL,DYL,Doylestown Airport,40.333,-75.1223
KDYS,DYS,Dyess Air Force Base,32.4208,-99.8546
KEAN,EAN,Phifer Airfield,42.0555,-104.929
KEAR,EAR,Kearney Regional Airport,40.727,-99.0068
KEAT,EAT,Pangborn Memorial Airport,47.3989,-120.207
KEAU,EAU,Chippewa Valley Regional Airport,44.8658,-91.4843
KEBS,EBS,Webster City Municipal Airport,42.4366,-93.8689
KECG,ECG,Elizabeth City Regional Airport,36.2606,-76.1746
KECP,ECP,Northwest Florida Beaches International Airport,30.3571,-85.7954
KECS,ECS,Mondell Field,43.8854,-104.318
KEDE,EDE,Northeastern Regional Airport,36.0277,-76.5671
KEDN,ETS,Enterprise Municipal Airport,31.2997,-85.8999
KEDW,EDW,Edwards Air Force Base,34.9054,-117.884
KEED,EED,Needles Airport,34.7663,-114.623
KEEN,EEN,Dillant-Hopkins Airport,42.8984,-72.2708
KEFD,EFD,Ellington Field,29.6073,-95.1588
KEFK,EFK,Newport State Airport,44.8888,-72.2292
KEFW,EFW,Jefferson Municipal Airport,42.0102,-94.3426
KEGE,EGE,Eagle County Regional Airport,39.6426,-106.918
KEGI,EGI,Duke Field (Eglin Auxiliary Field 3),30.6504,-86.5229
KEGV,EGV,Eagle River Union Airport,45.9323,-89.2683
KEKA,EKA,Murray Field,40.8034,-124.113
KEKM,EKI,Elkhart Municipal Airport,41.7194,-86.0032
KEKN,EKN,Elkins-Randolph County Airport,38.8894,-79.8571
KEKO,EKO,Elko Regional Airport,40.8249,-115.792
KEKX,EKX,Elizabethtown Regional Airport (Addington Field),37.686,-85.925
KELA,ELA,Eagle Lake Airport,29.6006,-96.3219
KELD,ELD,South Arkansas Regional Airport at Goodwin Field,33.221,-92.8133
KELK,ELK,Elk City Regional Business Airport,35.4308,-99.3943
KELM,ELM,Elmira/Corning Regional Airport,42.1599,-76.8916
KELN,ELN,Bowers Field,47.033,-120.531
KELO,LYU,Ely Municipal Airport,47.8245,-91.8307
KELP,ELP,El Paso International Airport,31.8072,-106.378
KELY,ELY,Ely Airport,39.2997,-114.842
KELZ,ELZ,Wellsville Municipal Airport (Tarantine Field),42.1095,-77.99
KEMM,EMM,Kemmerer Municipal Airport,41.8241,-110.557
KEMP,EMP,Emporia Municipal Airport,38.3321,-96.1912
KEMT,EMT,San Gabriel Valley Airport,34.0861,-118.035
KEND,END,Vance Air Force Base,36.3392,-97.9165
KENL,ENL,Centralia Municipal Airport,38.5151,-89.0911
KENV,ENV,Wendover Airport,40.7187,-114.031
KENW,ENW,Kenosha Regional Airport,42.5957,-87.9278
KEOK,EOK,Keokuk Municipal Airport,40.4599,-91.4285
KEOS,EOS,Neosho Hugh Robinson Airport,36.8065,-94.391
KEPH,EPH,Ephrata Municipal Airport,47.3076,-119.516
KEQA,EDK,Captain Jack Thomas/El Dorado Airport,37.7741,-96.8176
KERI,ERI,Erie International Airport (Tom Ridge Field),42.0831,-80.1739
KERR,ERR,Errol Airport,44.7925,-71.1642
KERV,ERV,Kerrville Municipal Airport (Louis Schreiner Field),29.9767,-99.0857
KESC,ESC,Delta County Airport,45.7227,-87.0937
KESF,ESF,Esler Airfield (Esler Regional Airport),31.3949,-92.2958
KESN,ESN,Easton Airport (Newnam Field),38.8042,-76.069
KEST,EST,Estherville Municipal Airport,43.4074,-94.7464
KESW,ESW,Easton State Airport,47.2542,-121.186
KETB,ETB,West Bend Municipal Airport,43.4222,-88.1279
KETN,ETN,Eastland Municipal Airport,32.4135,-98.8098
KEUF,EUF,Weedon Field,31.9513,-85.1289
KEUG,EUG,Eugene Airport (Mahlon Sweet Airport),44.1246,-123.212
KEVM,EVM,Eveleth-Virginia Municipal Airport,47.4251,-92.4985
KEVV,EVV,Evansville Regional Airport,38.037,-87.5324
KEVW,EVW,Evanston-Uinta County Burns Field,41.2748,-111.035
KEWB,EWB,New Bedford Regional Airport,41.6761,-70.9569
KEWK,EWK,Newton City/County Airport,38.0582,-97.2745
KEWN,EWN,Coastal Carolina Regional Airport,35.073,-77.0429
KEWR,EWR,Newark Liberty International Airport,40.6925,-74.1686
KEYW,EYW,Key West International Airport,24.5561,-81.7596
KFAF,FAF,Felker Army Airfield,37.1325,-76.6088
KFAM,FAM,Farmington Regional Airport,37.7611,-90.4286
KFAR,FAR,Hector International Airport,46.9207,-96.8158
KFAT,FAT,Fresno Yosemite International Airport,36.7762,-119.718
KFAY,FAY,Fayetteville Regional Airport (Grannis Field),34.9912,-78.8803
KFBG,FBG,Simmons Army Airfield,35.1318,-78.9367
KFBL,FBL,Faribault Municipal Airport,44.3284,-93.3125
KFBR,FBR,Fort Bridger Airport,41.3919,-110.407
KFBY,FBY,Fairbury Municipal Airport,40.183,-97.1693
KFCH,FCH,Fresno Chandler Executive Airport,36.7324,-119.82
KFCI,,Chesterfield County Airport,37.406667,-77.525
KFCM,FCM,Flying Cloud Airport,44.8272,-93.4571
KFCS,FCS,Butts Army Airfield (Fort Carson),38.6784,-104.757
KFCY,FCY,Forrest City Municipal Airport,34.942,-90.775
KFDK,FDK,Frederick Municipal Airport,39.4176,-77.3743
KFDR,FDR,Frederick Regional Airport,34.352,-98.9839
KFDY,FDY,Findlay Airport,41.0135,-83.6687
KFEP,FEP,Albertus Airport,42.2462,-89.582
KFET,FET,Fremont Municipal Airport,41.4491,-96.5202
KFFA,FFA,First Flight Airport,36.0182,-75.6713
KFFL,FFL,Fairfield Municipal Airport,41.0533,-91.9789
KFFM,FFM,Fergus Falls Municipal Airport (Einar Mickelson Field),46.2844,-96.1567
KFFO,FFO,Wright-Patterson Air Force Base,39.8261,-84.0483
KFFT,FFT,Capital City Airport,38.1825,-84.9047
KFFZ,MSC,Falcon Field Airport,33.4608,-111.728
KFHR,FRD,Friday Harbor Airport,48.522,-123.024
KFHU,FHU,Sierra Vista Municipal Airport (Libby Army Airfield),31.5885,-110.344
KFKL,FKL,Venango Regional Airport (Chess Lamberton Field),41.3779,-79.8604
KFKN,FKN,Franklin Municipal-John Beverly Rose Airport,36.6981,-76.9038
KFLD,FLD,Fond du Lac County Airport,43.7712,-88.4884
KFLG,FLG,Flagstaff Pulliam Airport,35.1385,-111.671
KFLL,FLL,Fort Lauderdale-Hollywood International Airport,26.0726,-80.1527
KFLO,FLO,Florence Regional Airport,34.1854,-79.7239
KFLP,FLP,Marion County Regional Airport,36.2909,-92.5903
KFLV,FLV,Sherman Army Airfield,39.3683,-94.9147
KFLX,FLX,Fallon Municipal Airport,39.4991,-118.749
KFME,FME,Tipton Airport,39.0854,-76.7594
KFMH,FMH,Otis Air National Guard Base,41.6584,-70.5214
KFMN,FMN,Four Corners Regional Airport,36.7412,-108.23
KFMY,FMY,Page Field,26.5866,-81.8633
KFNL,FNL,Northern Colorado Regional Airport,40.4518,-105.011
KFNT,FNT,Bishop International Airport,42.9654,-83.7436
KFOD,FOD,Fort Dodge Regional Airport,42.5515,-94.1926
KFOE,FOE,Topeka Regional Airport,38.9509,-95.6636
KFOK,FOK,Francis S. Gabreski Airport,40.8437,-72.6318
KFOM,FIL,Fillmore Municipal Airport,38.9583,-112.363
KFPR,FPR,St. Lucie County International Airport,27.4951,-80.3683
KFRG,FRG,Republic Airport,40.7288,-73.4134
KFRH,FRH,French Lick Municipal Airport,38.5062,-86.6369
KFRI,FRI,Marshall Army Airfield,39.0553,-96.7645
KFRM,FRM,Fairmont Municipal Airport,43.6439,-94.4156
KFRR,FRR,Front Royal-Warren County Airport,38.9175,-78.2535
KFSD,FSD,Sioux Falls Regional Airport (Joe Foss Field),43.582,-96.7419
KFSI,FSI,Henry Post Army Airfield (Fort Sill),34.6498,-98.4022
KFSK,FSK,Fort Scott Municipal Airport,37.7984,-94.7694
KFSM,FSM,Fort Smith Regional Airport,35.3366,-94.3674
KFST,FST,Fort Stockton-Pecos County Airport,30.9157,-102.916
KFSU,FSU,Fort Sumner Municipal Airport,34.4834,-104.217
KFSW,FMS,Fort Madison Municipal Airport,40.6593,-91.3268
KFTK,FTK,Godman Army Airfield,37.9071,-85.9721
KFTW,FTW,Fort Worth Meacham International Airport,32.8198,-97.3624
KFTY,FTY,Fulton County Airport (Charlie Brown Field),33.7791,-84.5214
KFUL,FUL,Fullerton Municipal Airport,33.872,-117.98
KFVE,WFK,Northern Aroostook Regional Airport,47.2855,-68.3128
KFWA,FWA,Fort Wayne International Airport,40.9785,-85.1951
KFXE,FXE,Fort Lauderdale Executive Airport,26.1973,-80.1707
KFXY,FXY,Forest City Municipal Airport,43.2347,-93.6241
KFYM,FYM,Fayetteville Municipal Airport,35.0597,-86.564
KFYV,FYV,Drake Field (Fayetteville Executive Airport),36.0051,-94.1701
KGAB,GAB,Gabbs Airport,38.9241,-117.959
KGAD,GAD,Northeast Alabama Regional Airport,33.9726,-86.089
KGAG,GAG,Gage Airport,36.2955,-99.7764
KGAI,GAI,Montgomery County Airpark,39.1683,-77.166
KGBD,GBD,Great Bend Municipal Airport,38.3443,-98.8592
KGBG,GBG,Galesburg Municipal Airport,40.938,-90.4311
KGBR,GBR,Walter J. Koladza Airport,42.1842,-73.4032
KGCC,GCC,Gillette-Campbell County Airport,44.3489,-105.539
KGCD,JDA,Grant County Regional Airport (Ogilvie Field),44.4042,-118.963
KGCK,GCK,Garden City Regional Airport,37.9275,-100.724
KGCN,GCN,Grand Canyon National Park Airport,35.9524,-112.147
KGCY,GCY,Greeneville-Greene County Municipal Airport,36.193,-82.8151
KGDM,GDM,Gardner Municipal Airport,42.55,-72.0161
KGDV,GDV,Dawson Community Airport,47.1387,-104.807
KGDW,GDW,Gladwin Zettel Memorial Airport,43.9706,-84.475
KGED,GED,Delaware Coastal Airport,38.6892,-75.3589
KGEG,GEG,Spokane International Airport,47.6199,-117.534
KGEY,GEY,South Big Horn County Airport,44.5168,-108.083
KGFD,GFD,Pope Field,39.7903,-85.7361
KGFK,GFK,Grand Forks International Airport,47.9493,-97.1761
KGFL,GFL,Floyd Bennett Memorial Airport,43.3412,-73.6103
KGGE,GGE,Georgetown County Airport,33.3117,-79.3196
KGGG,GGG,East Texas Regional Airport,32.384,-94.7115
KGGW,GGW,Glasgow Airport (Wokal Field),48.2125,-106.615
KGHM,GHM,Centerville Municipal Airport,35.8374,-87.4454
KGIC,IDH,Idaho County Airport,45.9426,-116.123
KGIF,GIF,Winter Haven's Gilbert Airport,28.0629,-81.7533
KGJT,GJT,Grand Junction Regional Airport (Walker Field),39.1224,-108.527
KGKJ,MEJ,Port Meadville Airport,41.6265,-80.2147
KGKT,GKT,Gatlinburg-Pigeon Forge Airport,35.8578,-83.5287
KGLD,GLD,Goodland Municipal Airport (Renner Field),39.3706,-101.699
KGLE,GLE,Gainesville Municipal Airport,33.6514,-97.197
KGLH,GLH,Mid-Delta Regional Airport,33.4829,-90.9856
KGLR,GLR,Gaylord Regional Airport,45.0135,-84.7036
KGLS,GLS,Scholes International Airport at Galveston,29.2653,-94.8604
KGLW,GLW,Glasgow Municipal Airport,37.0318,-85.9537
KGMU,GMU,Greenville Downtown Airport,34.8479,-82.35
KGNG,GNG,Gooding Municipal Airport,42.9172,-114.765
KGNT,GNT,Grants-Milan Municipal Airport,35.1673,-107.902
KGNV,GNV,Gainesville Regional Airport,29.6901,-82.2718
KGOK,GOK,Guthrie-Edmond Regional Airport,35.8498,-97.4156
KGON,GON,Groton-New London Airport,41.3301,-72.0451
KGPI,FCA,Glacier Park International Airport,48.3105,-114.256
KGPT,GPT,Gulfport-Biloxi International Airport,30.4073,-89.0701
KGPZ,GPZ,Grand Rapids-Itasca County Airport (Gordon Newstrom Field),47.2111,-93.5098
KGQQ,GQQ,Galion Municipal Airport,40.7534,-82.7238
KGRB,GRB,Austin Straubel International Airport,44.4851,-88.1296
KGRD,GRD,Greenwood County Airport,34.2487,-82.1591
KGRE,GRE,Greenville Airport,38.8362,-89.3784
KGRF,GRF,Gray Army Airfield,47.0792,-122.581
KGRI,GRI,Central Nebraska Regional Airport,40.9675,-98.3096
KGRK,GRK,Killeen-Fort Hood Regional Airport / Robert Gray Army Airfield,31.0672,-97.8289
KGRN,GRN,Gordon Municipal Airport,42.806,-102.175
KGRR,GRR,Gerald R. Ford International Airport,42.8808,-85.5228
KGSB,GSB,Seymour Johnson Air Force Base,35.3394,-77.9606
KGSH,GSH,Goshen Municipal Airport,41.5264,-85.7929
KGSO,GSO,Piedmont Triad International Airport,36.0978,-79.9373
KGSP,GSP,Greenville-Spartanburg International Airport,34.8957,-82.2189
KGTF,GTF,Great Falls International Airport,47.482,-111.371
KGTG,GTG,Grantsburg Municipal Airport,45.7981,-92.6644
KGTR,GTR,Golden Triangle Regional Airport,33.4503,-88.5914
KGUC,GUC,Gunnison-Crested Butte Regional Airport,38.5339,-106.933
KGUP,GUP,Gallup Municipal Airport,35.5111,-108.789
KGUS,GUS,Grissom Air Reserve Base,40.6481,-86.1521
KGUY,GUY,Guymon Municipal Airport,36.6851,-101.508
KGVE,GVE,Gordonsville Municipal Airport,38.156,-78.1658
KGVL,GVL,Lee Gilmer Memorial Airport,34.2726,-83.8302
KGVT,GVT,Majors Airport,33.0678,-96.0653
KGWO,GWO,Greenwood-Leflore Airport,33.4943,-90.0847
KGWS,GWS,Glenwood Springs Municipal Airport,39.5083,-107.311
KGXY,GXY,Greeley-Weld County Airport,40.4374,-104.633
KGYH,GDC,Donaldson Center Airport,34.7583,-82.3764
KGYI,PNX,North Texas Regional Airport,33.7141,-96.6737
KGYR,GYR,Phoenix Goodyear Airport,33.4225,-112.376
KHAB,HAB,Marion County - Rankin Fite Airport,34.1176,-87.9982
KHAF,HAF,Half Moon Bay Airport,37.5134,-122.501
KHAI,HAI,Three Rivers Municipal Airport (Dr. Haines Flying Field),41.9598,-85.5934
KHAO,HAO,Butler County Regional Airport,39.3638,-84.522
KHBG,HBG,Hattiesburg Bobby L. Chain Municipal Airport,31.2648,-89.2528
KHBR,HBR,Hobart Regional Airport,34.9913,-99.0513
KHDE,HDE,Brewster Field,40.4521,-99.3365
KHDN,HDN,Yampa Valley Airport,40.4812,-107.218
KHEE,HEE,Thompson-Robbins Airport,34.5766,-90.6762
KHEF,MNZ,Manassas Regional Airport,38.7214,-77.5154
KHEZ,HEZ,Natchez-Adams County Airport (Hardy-Anders Field),31.6137,-91.2973
KHFD,HFD,Hartford-Brainard Airport,41.7367,-72.6494
KHFF,HFF,Mackall Army Airfield,35.0363,-79.4978
KHGR,HGR,Hagerstown Regional Airport (Richard A. Henson Field),39.7079,-77.7295
KHHR,HHR,Hawthorne Municipal Airport (Jack Northrop Field),33.9228,-118.335
KHHW,HUJ,Stan Stamper Municipal Airport,34.0348,-95.5419
KHIB,HIB,Range Regional Airport,47.3866,-92.839
KHIE,HIE,Mount Washington Regional Airport,44.3676,-71.5445
KHIF,HIF,Hill Air Force Base,41.124,-111.973
KHII,HII,Lake Havasu City Airport,34.5711,-114.358
KHIO,HIO,Hillsboro Airport (Portland-Hillsboro Airport),45.5404,-122.95
KHKA,HKA,Blytheville Municipal Airport,35.9404,-89.8308
KHKS,HKS,Hawkins Field,32.3345,-90.2222
KHKY,HKY,Hickory Regional Airport,35.7411,-81.3895
KHLB,HLB,Hillenbrand Industries Airport,39.3445,-85.2583
KHLC,HLC,Hill City Municipal Airport,39.3788,-99.8315
KHLG,HLG,Wheeling Ohio County Airport,40.175,-80.6463
KHLM,HLM,Park Township Airport,42.7959,-86.162
KHLN,HLN,Helena Regional Airport,46.6068,-111.983
KHLR,HLR,Hood Army Airfield,31.1387,-97.7145
KHMN,HMN,Holloman Air Force Base,32.8525,-106.107
KHMT,HMT,Hemet-Ryan Airport,33.734,-117.023
KHNB,HNB,Huntingburg Airport,38.249,-86.9537
KHND,HSH,Henderson Executive Airport,35.9728,-115.134
KHOB,HOB,Lea County Regional Airport,32.6875,-103.217
KHON,HON,Huron Regional Airport,44.3852,-98.2285
KHOP,HOP,Campbell Army Airfield,36.6686,-87.4962
KHOT,HOT,Memorial Field Airport,34.478,-93.0962
KHOU,HOU,William P. Hobby Airport,29.6454,-95.2789
KHPN,HPN,Westchester County Airport,41.067,-73.7076
KHPT,HPT,Hampton Municipal Airport,42.7237,-93.2263
KHPY,HPY,Baytown Airport,29.7861,-94.9527
KHQM,HQM,Bowerman Airport,46.9712,-123.937
KHRI,HES,Hermiston Municipal Airport,45.8282,-119.259
KHRL,HRL,Valley International Airport,26.2285,-97.6544
KHRO,HRO,Boone County Airport,36.2615,-93.1547
KHSB,HSB,Harrisburg-Raleigh Airport,37.8113,-88.5503
KHSE,HNC,Billy Mitchell Airport,35.2328,-75.6178
KHSI,HSI,Hastings Municipal Airport,40.6053,-98.4279
KHSP,HSP,Ingalls Field,37.9514,-79.8339
KHST,HST,Homestead Air Reserve Base,25.4886,-80.3836
KHSV,HSV,Huntsville International Airport (Carl T. Jones Field),34.6372,-86.7751
KHTH,HTH,Hawthorne Industrial Airport,38.5444,-118.634
KHTL,HTL,Roscommon County-Blodgett Memorial Airport,44.3598,-84.6711
KHTO,HTO,East Hampton Airport,40.9596,-72.2518
KHTS,HTS,Tri-State Airport (Milton J. Ferguson Field),38.3667,-82.558
KHTW,HTW,Lawrence County Airpark,38.4193,-82.4943
KHUA,HUA,Redstone Army Airfield,34.6787,-86.6848
KHUL,HUL,Houlton International Airport,46.1231,-67.7921
KHUM,HUM,Houma-Terrebonne Airport,29.5665,-90.6604
KHUT,HUT,Hutchinson Municipal Airport,38.0655,-97.8606
KHVE,HVE,Hanksville Airport,38.418,-110.704
KHVN,HVN,Tweed New Haven Airport,41.2637,-72.8868
KHVR,HVR,Havre City-County Airport,48.543,-109.762
KHVS,HVS,Hartsville Regional Airport,34.4031,-80.1192
KHWD,HWD,Hayward Executive Airport,37.6592,-122.122
KHWO,HWO,North Perry Airport,26.0012,-80.2407
KHWV,WSH,Brookhaven Airport,40.8219,-72.8694
KHXD,HHH,Hilton Head Airport,32.2244,-80.6975
KHYA,HYA,Barnstable Municipal Airport (Boardman/Polando Field),41.6693,-70.2804
KHYR,HYR,Sawyer County Airport,46.0252,-91.4443
KHYS,HYS,Hays Regional Airport,38.8422,-99.2732
KHZL,HZL,Hazleton Municipal Airport,40.9868,-75.9949
KHZY,JFN,Northeast Ohio Regional Airport,41.778,-80.6955
KIAB,IAB,McConnell Air Force Base,37.6219,-97.2682
KIAD,IAD,Washington Dulles International Airport,38.9445,-77.4558
KIAG,IAG,Niagara Falls International Airport,43.1073,-78.9462
KIAH,IAH,George Bush Intercontinental Airport,29.9844,-95.3414
KICL,ICL,Schenck Field,40.7218,-95.0264
KICT,ICT,Wichita Dwight D. Eisenhower National Airport,37.6499,-97.4331
KIDA,IDA,Idaho Falls Regional Airport,43.5136,-112.071
KIDG,IDG,Ida Grove Municipal Airport,42.3325,-95.445
KIDI,IDI,Indiana County-Jimmy Stewart Airport,40.6322,-79.1055
KIDP,IDP,Independence Municipal Airport,37.1584,-95.7784
KIEN,XPR,Pine Ridge Airport,43.0225,-102.511
KIFA,IFA,Iowa Falls Municipal Airport,42.4708,-93.27
KIFP,IFP,Laughlin/Bullhead International Airport,35.1574,-114.56
KIGM,IGM,Kingman Airport,35.2595,-113.938
KIJX,IJX,Jacksonville Municipal Airport,39.7707,-90.238
KIKK,IKK,Greater Kankakee Airport,41.0714,-87.8463
KILE,ILE,Skylark Field,31.0858,-97.6865
KILG,ILG,Wilmington Airport (New Castle Airport),39.6787,-75.6065
KILM,ILM,Wilmington International Airport,34.2706,-77.9026
KILN,ILN,Wilmington Air Park,39.4279,-83.7921
KIML,IML,Imperial Municipal Airport,40.5093,-101.621
KIMM,IMM,Immokalee Regional Airport,26.4332,-81.401
KIMS,MDN,Madison Municipal Airport,38.7589,-85.4655
KIMT,IMT,Ford Airport,45.8184,-88.1145
KIND,IND,Indianapolis International Airport,39.7173,-86.2944
KINK,INK,Winkler County Airport,31.7796,-103.201
KINL,INL,Falls International Airport,48.5662,-93.4031
KINS,INS,Creech Air Force Base,36.5872,-115.673
KINT,INT,Smith Reynolds Airport,36.1337,-80.222
KINW,INW,Winslow-Lindbergh Regional Airport,35.0219,-110.723
KIOW,IOW,Iowa City Municipal Airport,41.6392,-91.5465
KIPL,IPL,Imperial County Airport (Boley Field),32.8342,-115.579
KIPT,IPT,Williamsport Regional Airport,41.2418,-76.9211
KIRK,IRK,Kirksville Regional Airport,40.0935,-92.5449
KIRS,IRS,Kirsch Municipal Airport,41.8133,-85.439
KISM,ISM,Kissimmee Gateway Airport,28.2898,-81.4371
KISN,ISN,Sloulin Field International Airport,48.1779,-103.642
KISO,ISO,Kinston Regional Jetport (Stallings Field),35.3314,-77.6088
KISP,ISP,Long Island MacArthur Airport,40.7952,-73.1002
KISQ,ISQ,Schoolcraft County Airport,45.9746,-86.1718
KISW,ISW,South Wood County Airport (Alexander Field),44.3603,-89.839
KITH,ITH,Ithaca Tompkins Regional Airport,42.491,-76.4584
KIWA,AZA,Phoenix-Mesa Gateway Airport,33.3078,-111.655
KIWD,IWD,Gogebic-Iron County Airport,46.5275,-90.1314
KIWI,ISS,Wiscasset Airport,43.9614,-69.7126
KIWS,IWS,West Houston Airport,29.8182,-95.6726
KIXD,JCI,New Century AirCenter,38.8309,-94.8903
KIYK,IYK,Inyokern Airport,35.6588,-117.83
KIZA,SQA,Santa Ynez Airport,34.6068,-120.076
KIZG,FRY,Eastern Slopes Regional Airport,43.9911,-70.9479
KJAC,JAC,Jackson Hole Airport,43.6073,-110.738
KJAN,JAN,Jackson-Evers International Airport,32.3112,-90.0759
KJAS,JAS,Jasper County Airport (Bell Field),30.8857,-94.0349
KJAX,JAX,Jacksonville International Airport,30.4941,-81.6879
KJBR,JBR,Jonesboro Municipal Airport,35.8317,-90.6464
KJCT,JCT,Kimble County Airport,30.5113,-99.7635
KJDN,JDN,Jordan Airport,47.3288,-106.953
KJEF,JEF,Jefferson City Memorial Airport,38.5912,-92.1561
KJFK,JFK,John F. Kennedy International Airport,40.6397,-73.7789
KJHW,JHW,Chautauqua County-Jamestown Airport,42.1534,-79.258
KJKA,GUF,Jack Edwards Airport,30.2905,-87.6718
KJLN,JLN,Joplin Regional Airport,37.1518,-94.4983
KJMS,JMS,Jamestown Regional Airport,46.9297,-98.6782
KJOT,JOT,Joliet Regional Airport,41.5178,-88.1755
KJQF,USA,Concord Regional Airport,35.3878,-80.7091
KJSO,JKV,Cherokee County Airport,31.8693,-95.2174
KJST,JST,John Murtha Johnstown-Cambria County Airport,40.3161,-78.8339
KJVL,JVL,Southern Wisconsin Regional Airport,42.6203,-89.0416
KJXN,JXN,Jackson County Airport (Reynolds Field),42.2598,-84.4594
KKIC,KIC,Mesa Del Rey Airport,36.228,-121.122
KKLS,KLS,Southwest Washington Regional Airport,46.118,-122.898
KKNB,KNB,Kanab Municipal Airport,37.0106,-112.531
KLAA,LAA,Lamar Municipal Airport,38.0697,-102.688
KLAF,LAF,Purdue University Airport,40.4123,-86.9369
KLAL,LAL,Lakeland Linder International Airport,27.9889,-82.0186
KLAM,LAM,Los Alamos County Airport,35.8798,-106.269
KLAN,LAN,Capital Region International Airport,42.7787,-84.5874
KLAR,LAR,Laramie Regional Airport,41.3121,-105.675
KLAS,LAS,Harry Reid International Airport,36.0801,-115.152
KLAW,LAW,Lawton-Fort Sill Regional Airport,34.5677,-98.4166
KLAX,LAX,Los Angeles International Airport,33.9425,-118.408
KLBB,LBB,Lubbock Preston Smith International Airport,33.6636,-101.823
KLBE,LBE,Arnold Palmer Regional Airport,40.2759,-79.4048
KLBF,LBF,North Platte Regional Airport (Lee Bird Field),41.1262,-100.684
KLBL,LBL,Liberal Mid-America Regional Airport,37.0442,-100.96
KLBT,LBT,Lumberton Municipal Airport,34.6099,-79.0594
KLBX,LJN,Texas Gulf Coast Regional Airport,29.1086,-95.4621
KLCH,LCH,Lake Charles Regional Airport,30.1261,-93.2233
KLCI,LCI,Laconia Municipal Airport,43.5727,-71.4189
KLCK,LCK,Rickenbacker International Airport,39.8138,-82.9278
KLCQ,LCQ,Lake City Gateway Airport,30.182,-82.5769
KLDJ,LDJ,Linden Airport,40.6174,-74.2446
KLDM,LDM,Mason County Airport,43.9625,-86.4079
KLEB,LEB,Lebanon Municipal Airport,43.6261,-72.3042
KLEE,LEE,Leesburg International Airport,28.8231,-81.8087
KLEM,LEM,Lemmon Municipal Airport,45.9187,-102.106
KLEW,LEW,Auburn/Lewiston Municipal Airport,44.0485,-70.2835
KLEX,LEX,Blue Grass Airport,38.0365,-84.6059
KLFI,LFI,Langley Air Force Base,37.0829,-76.3605
KLFK,LFK,Angelina County Airport,31.234,-94.75
KLFT,LFT,Lafayette Regional Airport,30.2053,-91.9876
KLGA,LGA,LaGuardia Airport,40.775,-73.875
KLGB,LGB,Long Beach Airport,33.8177,-118.152
KLGC,LGC,LaGrange Callaway Airport,33.0089,-85.0726
KLGD,LGD,La Grande/Union County Airport,45.2902,-118.007
KLGF,LGF,Laguna Army Airfield,32.86,-114.397
KLGU,LGU,Logan-Cache Airport,41.7912,-111.852
KLHV,LHV,William T. Piper Memorial Airport,41.1356,-77.4223
KLHW,LIY,MidCoast Regional Airport at Wright Army Airfield,31.8891,-81.5623
KLHZ,LFN,Triangle North Executive Airport (Franklin County Airport),36.0233,-78.3303
KLIC,LIC,Limon Municipal Airport,39.2748,-103.666
KLIT,LIT,Clinton National Airport (Adams Field),34.7294,-92.2243
KLKP,LKP,Lake Placid Airport,44.2645,-73.9619
KLKU,LOW,Louisa County Airport (Freeman Field),38.0098,-77.9701
KLKV,LKV,Lake County Airport,42.1611,-120.399
KLLJ,CHL,Challis Airport,44.523,-114.218
KLMS,LMS,Louisville Winston County Airport,33.1462,-89.0625
KLMT,LMT,Klamath Falls Airport,42.1561,-121.733
KLNA,LNA,Palm Beach County Park Airport,26.593,-80.0851
KLND,LND,Hunt Field,42.8152,-108.73
KLNK,LNK,Lincoln Airport,40.851,-96.7592
KLNN,LNN,Lost Nation Airport,41.684,-81.3897
KLNP,LNP,Lonesome Pine Airport,36.9875,-82.53
KLNR,LNR,Tri-County Regional Airport,43.2117,-90.1816
KLNS,LNS,Lancaster Airport,40.1217,-76.2961
KLOL,LOL,Derby Field,40.0664,-118.565
KLOM,BBX,Wings Field,40.1375,-75.2651
KLOT,LOT,Lewis University Airport,41.6073,-88.0962
KLOU,LOU,Bowman Field,38.228,-85.6637
KLOZ,LOZ,London-Corbin Airport (Magee Field),37.0822,-84.0849
KLPC,LPC,Lompoc Airport,34.6656,-120.468
KLQK,LQK,Pickens County Airport,34.81,-82.7029
KLRD,LRD,Laredo International Airport,27.5438,-99.4616
KLRF,LRF,Little Rock Air Force Base,34.9169,-92.1497
KLRJ,LRJ,Le Mars Municipal Airport,42.778,-96.1937
KLRU,LRU,Las Cruces International Airport,32.2894,-106.922
KLSB,LSB,Lordsburg Municipal Airport,32.3335,-108.692
KLSE,LSE,La Crosse Regional Airport,43.879,-91.2567
KLSF,LSF,Lawson Army Airfield,32.3373,-84.9913
KLSK,LSK,Lusk Municipal Airport,42.7538,-104.405
KLSN,LSN,Los Banos Municipal Airport,37.0629,-120.869
KLSV,LSV,Nellis Air Force Base,36.2362,-115.034
KLTS,LTS,Altus Air Force Base,34.6671,-99.2667
KLUF,LUF,Luke Air Force Base,33.535,-112.383
KLUK,LUK,Cincinnati Municipal Airport (Lunken Field),39.1033,-84.4186
KLUL,LUL,Hesler-Noble Field,31.6726,-89.1722
KLVK,LVK,Livermore Municipal Airport,37.6934,-121.82
KLVL,LVL,Lawrenceville/Brunswick Municipal Airport,36.7728,-77.7943
KLVM,LVM,Mission Field,45.6994,-110.448
KLVS,LVS,Las Vegas Municipal Airport,35.6542,-105.142
KLWB,LWB,Greenbrier Valley Airport,37.8583,-80.3995
KLWC,LWC,Lawrence Regional Airport,39.0112,-95.2166
KLWL,LWL,Wells Municipal Airport (Harriet Field),41.1171,-114.922
KLWM,LWM,Lawrence Municipal Airport,42.7172,-71.1234
KLWS,LWS,Lewiston-Nez Perce County Airport,46.3745,-117.015
KLWT,LWT,Lewistown Municipal Airport,47.0493,-109.467
KLWV,LWV,Lawrenceville-Vincennes International Airport,38.7643,-87.6055
KLXN,LXN,Jim Kelly Field,40.791,-99.7773
KLXV,LXV,Lake County Airport,39.2203,-106.317
KLYH,LYH,Lynchburg Regional Airport (Preston Glenn Field),37.3267,-79.2004
KLYO,LYO,Lyons-Rice County Municipal Airport,38.3428,-98.2269
KLZU,LZU,Gwinnett County Airport (Briscoe Field),33.9781,-83.9624
KMAC,MAC,Macon Downtown Airport,32.8221,-83.562
KMAE,MAE,Madera Municipal Airport,36.9886,-120.112
KMAF,MAF,Midland International Air and Space Port,31.9425,-102.202
KMAW,MAW,Malden Regional Airport,36.6006,-89.9922
KMBG,MBG,Mobridge Municipal Airport,45.5465,-100.408
KMBL,MBL,Manistee County Blacker Airport,44.2724,-86.2469
KMBO,DXE,Bruce Campbell Field,32.4387,-90.1031
KMBS,MBS,MBS International Airport,43.5329,-84.0796
KMBY,MBY,Omar N. Bradley Airport,39.4639,-92.427
KMCB,MCB,McComb-Pike County Airport (John E. Lewis Field),31.1785,-90.4719
KMCC,MCC,McClellan Airfield,38.6676,-121.401
KMCD,MCD,Mackinac Island Airport,45.8649,-84.6373
KMCE,MCE,Merced Regional Airport (MacReady Field),37.2847,-120.514
KMCF,MCF,MacDill Air Force Base,27.8493,-82.5212
KMCI,MCI,Kansas City International Airport,39.2976,-94.7139
KMCK,MCK,McCook Ben Nelson Regional Airport,40.2063,-100.592
KMCN,MCN,Middle Georgia Regional Airport,32.6928,-83.6492
KMCO,MCO,Orlando International Airport,28.4294,-81.309
KMCW,MCW,Mason City Municipal Airport,43.1578,-93.3313
KMDD,MDD,Midland Airpark,32.0365,-102.101
KMDH,MDH,Southern Illinois Airport,37.7781,-89.252
KMDS,XMD,Madison Municipal Airport,44.016,-97.0859
KMDT,MDT,Harrisburg International Airport,40.1935,-76.7634
KMDW,MDW,Chicago Midway International Airport,41.7861,-87.7525
KMDZ,MDF,Taylor County Airport,45.101,-90.3033
KMEB,MXE,Laurinburg-Maxton Airport,34.7919,-79.3658
KMEI,MEI,Meridian Regional Airport (Key Field),32.3326,-88.7519
KMEM,MEM,Memphis International Airport,35.0424,-89.9767
KMER,MER,Castle Airport,37.3805,-120.568
KMEV,MEV,Minden-Tahoe Airport,39.0003,-119.751
KMFD,MFD,Mansfield Lahm Regional Airport,40.8214,-82.5166
KMFE,MFE,McAllen Miller International Airport,26.1758,-98.2386
KMFI,MFI,Marshfield Municipal Airport,44.6369,-90.1893
KMFR,MFR,Rogue Valley International-Medford Airport,42.3742,-122.873
KMFV,MFV,Accomack County Airport,37.6469,-75.7611
KMGC,MGC,Michigan City Municipal Airport,41.7033,-86.8212
KMGE,MGE,Dobbins Air Reserve Base,33.9154,-84.5163
KMGJ,MGJ,Orange County Airport,41.51,-74.2646
KMGM,MGM,Montgomery Regional Airport (Dannelly Field),32.3006,-86.394
KMGR,MGR,Moultrie Municipal Airport,31.0849,-83.8033
KMGW,MGW,Morgantown Municipal Airport (Walter L. Bill Hart Field),39.6429,-79.9163
KMGY,MGY,Dayton-Wright Brothers Airport,39.589,-84.2249
KMHE,MHE,Mitchell Municipal Airport,43.7748,-98.0386
KMHK,MHK,Manhattan Regional Airport,39.141,-96.6708
KMHL,MHL,Marshall Memorial Municipal Airport,39.0958,-93.2029
KMHN,MHN,Hooker County Airport,42.0422,-101.059
KMHR,MHR,Sacramento Mather Airport,38.5539,-121.298
KMHT,MHT,Manchester-Boston Regional Airport,42.9326,-71.4357
KMHV,MHV,Mojave Air and Space Port,35.0594,-118.152
KMIA,MIA,Miami International Airport,25.7932,-80.2906
KMIB,MIB,Minot Air Force Base,48.4156,-101.358
KMIC,MIC,Crystal Airport,45.062,-93.3539
KMIE,MIE,Delaware County Regional Airport,40.2423,-85.3959
KMIO,MIO,Miami Municipal Airport,36.9092,-94.8875
KMIT,MIT,Shafter Airport (Minter Field),35.5074,-119.192
KMIV,MIV,Millville Municipal Airport,39.3678,-75.0722
KMIW,MIW,Marshalltown Municipal Airport,42.1128,-92.9178
KMJQ,MJQ,Jackson Municipal Airport,43.65,-94.9867
KMJX,MJX,Robert J. Miller Air Park (Ocean County Airport),39.9275,-74.2924
KMKC,MKC,Charles B. Wheeler Downtown Airport,39.1232,-94.5928
KMKE,MKE,General Mitchell International Airport,42.9472,-87.8966
KMKG,MKG,Muskegon County Airport,43.1695,-86.2382
KMKL,MKL,McKellar-Sipes Regional Airport,35.5999,-88.9156
KMKO,MKO,Davis Field,35.6565,-95.3667
KMKT,MKT,Mankato Regional Airport,44.2216,-93.9187
KMKY,MRK,Marco Island Airport,25.995,-81.6725
KMLB,MLB,Orlando Melbourne International Airport,28.1028,-80.6453
KMLC,MLC,McAlester Regional Airport,34.8824,-95.7835
KMLD,MLD,Malad City Airport,42.1666,-112.297
KMLE,MIQ,Millard Airport,41.195,-96.1148
KMLF,MLF,Milford Municipal Airport (Ben and Judy Briscoe Field),38.6097,-112.986
KMLI,MLI,Quad City International Airport,41.4485,-90.5075
KMLJ,MLJ,Baldwin County Airport,33.1542,-83.2407
KMLS,MLS,Miles City Airport (Frank Wiley Field),46.428,-105.886
KMLT,MLT,Millinocket Municipal Airport,45.6478,-68.6856
KMLU,MLU,Monroe Regional Airport,32.5109,-92.0377
KMMH,MMH,Mammoth Yosemite Airport,37.6241,-118.838
KMMI,MMI,McMinn County Airport,35.3973,-84.5626
KMML,MML,Southwest Minnesota Regional Airport (Marshall/Ryan Field),44.4505,-95.8219
KMMS,MMS,Selfs Airport,34.2315,-90.2896
KMMT,MMT,McEntire Joint National Guard Base,33.9208,-80.8013
KMMU,MMU,Morristown Municipal Airport,40.7994,-74.4149
KMNM,MNM,Menominee-Marinette Twin County Airport,45.1267,-87.6384
KMNN,MNN,Marion Municipal Airport,40.6162,-83.0635
KMOB,MOB,Mobile Regional Airport,30.6912,-88.2428
KMOD,MOD,Modesto City-County Airport (Harry Sham Field),37.6258,-120.954
KMOP,MOP,Mount Pleasant Municipal Airport,43.6217,-84.7375
KMOR,MOR,Morristown Regional Airport (Moore-Murrell Airport),36.1795,-83.3752
KMOT,MOT,Minot International Airport,48.2594,-101.28
KMOX,MOX,Morris Municipal Airport,45.5704,-95.9684
KMPI,RMY,Mariposa-Yosemite Airport,37.5109,-120.04
KMPJ,MPJ,Petit Jean Park Airport,35.1389,-92.9092
KMPO,MPO,Pocono Mountains Municipal Airport,41.1375,-75.3789
KMPR,MPR,McPherson Airport,38.3524,-97.6913
KMPV,MPV,Edward F. Knapp State Airport,44.2035,-72.5623
KMPZ,MPZ,Mount Pleasant Municipal Airport,40.9466,-91.5111
KMQB,MQB,Macomb Municipal Airport,40.5201,-90.6524
KMQI,MEO,Dare County Regional Airport,35.919,-75.6955
KMQS,CTH,Chester County G. O. Carlson Airport,39.979,-75.8655
KMQW,MQW,Telfair-Wheeler Airport,32.0946,-82.8822
KMQY,MQY,Smyrna Airport,36.009,-86.5201
KMRB,MRB,Eastern WV Regional Airport (Shepherd Field),39.4019,-77.9846
KMRC,MRC,Maury County Airport,35.5541,-87.1789
KMRF,MRF,Marfa Municipal Airport,30.3711,-104.018
KMRN,MRN,Foothills Regional Airport (was Morganton-Lenoir Airport),35.8202,-81.6114
KMRY,MRY,Monterey Regional Airport,36.587,-121.843
KMSL,MSL,Northwest Alabama Regional Airport,34.7453,-87.6102
KMSN,MSN,Dane County Regional Airport (Truax Field),43.1399,-89.3375
KMSO,MSO,Missoula International Airport,46.9163,-114.091
KMSP,MSP,Minneapolis-Saint Paul International Airport (Wold-Chamberlain Field),44.882,-93.2218
KMSS,MSS,Massena International Airport (Richards Field),44.9358,-74.8456
KMSV,MSV,Sullivan County International Airport,41.7016,-74.795
KMSY,MSY,Louis Armstrong New Orleans International Airport,29.9934,-90.258
KMTC,MTC,Selfridge Air National Guard Base,42.6135,-82.8369
KMTH,MTH,Florida Keys Marathon Airport,24.7261,-81.0514
KMTJ,MTJ,Montrose Regional Airport,38.5098,-107.894
KMTN,MTN,Martin State Airport,39.3257,-76.4138
KMTO,MTO,Coles County Memorial Airport,39.4779,-88.2792
KMTP,MTP,Montauk Airport,41.0765,-71.9208
KMTW,MTW,Manitowoc County Airport,44.1288,-87.6806
KMUI,MUI,Muir Army Airfield,40.4348,-76.5694
KMUL,MUL,Spence Airport,31.1378,-83.7042
KMUO,MUO,Mountain Home Air Force Base,43.0436,-115.872
KMUT,MUT,Muscatine Municipal Airport,41.3678,-91.1482
KMVC,MVC,Monroe County Airport,31.458,-87.351
KMVE,MVE,Montevideo-Chippewa County Airport,44.9691,-95.7103
KMVL,MVL,Morrisville-Stowe State Airport,44.5346,-72.614
KMVN,MVN,Mount Vernon Airport,38.3219,-88.8535
KMVY,MVY,Martha's Vineyard Airport,41.3931,-70.6143
KMWA,MWA,Williamson County Regional Airport,37.755,-89.0111
KMWC,MWC,Lawrence J. Timmerman Airport,43.1104,-88.0344
KMWH,MWH,Grant County International Airport,47.2077,-119.32
KMWL,MWL,Mineral Wells Airport,32.7816,-98.0602
KMWM,MWM,Windom Municipal Airport,43.9134,-95.1094
KMWO,MWO,Middletown Regional Airport (Hook Field),39.531,-84.3953
KMXA,MXA,Manila Municipal Airport,35.8944,-90.1546
KMXF,MXF,Maxwell Air Force Base,32.3829,-86.3658
KMXO,MXO,Monticello Regional Airport,42.2263,-91.1635
KMYF,MYF,Montgomery Field Airport,32.8157,-117.14
KMYL,MYL,McCall Municipal Airport,44.8897,-116.101
KMYR,MYR,Myrtle Beach International Airport,33.6797,-78.9283
KMYV,MYV,Yuba County Airport,39.0978,-121.57
KMZJ,MZJ,Pinal Airpark,32.5106,-111.328
KMZZ,MZZ,Marion Municipal Airport,40.4899,-85.6797
KNBG,NBG,NAS JRB New Orleans (Alvin Callender Field),29.8253,-90.035
KNBJ,NHX,NOLF Barin,30.3891,-87.6353
KNDY,DGN,Naval Surface Warfare Center Dahlgren Division,38.3325,-77.0372
KNEL,NEL,NAES Lakehurst (Maxfield Field),40.0333,-74.3533
KNEN,NEN,NOLF Whitehouse,30.3539,-81.8719
KNEW,NEW,Lakefront Airport,30.0424,-90.0283
KNFL,NFL,NAS Fallon (Van Voorhis Field),39.4166,-118.701
KNFW,FWH,NAS Fort Worth JRB / Carswell Field,32.7692,-97.4415
KNGP,NGP,NAS Corpus Christi (Truax Field),27.6926,-97.2911
KNGU,NGU,NS Norfolk (Chambers Field),36.9376,-76.2893
KNGW,NGW,NOLF Cabaniss Field,27.7027,-97.4389
KNHK,NHK,NAS Patuxent River (Trapnell Field),38.286,-76.4118
KNIP,NIP,NAS Jacksonville (Towers Field),30.2358,-81.6806
KNJK,NJK,NAF El Centro,32.8292,-115.672
KNKX,NKX,MCAS Miramar,32.8684,-117.143
KNLC,NLC,NAS Lemoore (Reeves Field),36.333,-119.952
KNPA,NPA,NAS Pensacola (Forrest Sherman Field),30.3527,-87.3186
KNQA,NQA,Millington Regional Jetport,35.3567,-89.8703
KNQI,NQI,NAS Kingsville,27.5072,-97.8097
KNQX,NQX,NAS Key West (Boca Chica Field),24.5758,-81.6889
KNRB,NRB,NS Mayport (Admiral David L. McDonald Field),30.3911,-81.4247
KNRC,NRC,NASA Crows Landing Airport,37.408,-121.109
KNRS,NRS,NOLF Imperial Beach (Ream Field),32.5667,-117.117
KNSE,NSE,NAS Whiting Field - North,30.7242,-87.0219
KNTD,NTD,NAS Point Mugu (Naval Base Ventura County),34.1203,-119.121
KNTU,NTU,NAS Oceana (Apollo Soucek Field),36.8207,-76.0335
KNUN,NUN,NOLF Saufley Field,30.4694,-87.3381
KNUQ,NUQ,Moffett Federal Airfield,37.4161,-122.049
KNUW,NUW,NAS Whidbey Island (Ault Field),48.3518,-122.656
KNVD,NVD,Nevada Municipal Airport,37.853,-94.3045
KNYG,NYG,MCAF Quantico (Turner Field),38.5017,-77.3053
KNYL,YUM,Yuma International Airport / MCAS Yuma,32.6566,-114.606
KNZY,NZY,NAS North Island (Halsey Field),32.6992,-117.215
KOAJ,OAJ,Albert J. Ellis Airport,34.8292,-77.6121
KOAK,OAK,Oakland International Airport,37.7213,-122.221
KOAR,OAR,Marina Municipal Airport,36.6819,-121.762
KOBE,OBE,Okeechobee County Airport,27.2628,-80.8498
KOCF,OCF,Ocala International Airport (Jim Taylor Field),29.1726,-82.2242
KOCH,OCH,A.L. Mangham Jr. Regional Airport,31.578,-94.7095
KOCW,OCW,Washington-Warren Airport (Warren Field),35.5705,-77.0498
KOEO,OEO,L.O. Simenstad Municipal Airport,45.31,-92.6919
KOFF,OFF,Offutt Air Force Base,41.1183,-95.9125
KOFK,OFK,Norfolk Regional Airport (Karl Stefan Memorial Field),41.9855,-97.4351
KOGA,OGA,Searle Field,41.1195,-101.77
KOGB,OGB,Orangeburg Municipal Airport,33.4568,-80.8595
KOGD,OGD,Ogden-Hinckley Airport,41.1959,-112.012
KOGS,OGS,Ogdensburg International Airport,44.6819,-75.4655
KOIC,OIC,Lt. Warren Eaton Airport,42.5666,-75.5241
KOJC,OJC,Johnson County Executive Airport,38.8476,-94.7376
KOKB,OCN,Oceanside Municipal Airport,33.2173,-117.354
KOKC,OKC,Will Rogers World Airport,35.3931,-97.6007
KOKH,ODW,A.J. Eisenberg Airport,48.2515,-122.674
KOKK,OKK,Kokomo Municipal Airport,40.5282,-86.059
KOKM,OKM,Okmulgee Regional Airport,35.6681,-95.9487
KOKS,OKS,Garden County Airport,41.401,-102.355
KOKV,WGO,Winchester Regional Airport,39.1435,-78.1444
KOLD,OLD,Old Town Municipal Airport and Seaplane Base (Dewitt Field),44.9528,-68.6743
KOLE,OLE,Cattaraugus County-Olean Airport,42.2422,-78.3716
KOLF,OLF,L. M. Clayton Airport,48.0945,-105.575
KOLM,OLM,Olympia Regional Airport,46.9694,-122.903
KOLS,OLS,Nogales International Airport,31.4177,-110.848
KOLU,OLU,Columbus Municipal Airport,41.448,-97.3426
KOLV,OLV,Olive Branch Airport,34.9787,-89.7869
KOLY,OLY,Olney-Noble Airport,38.7207,-88.1749
KOMA,OMA,Eppley Airfield,41.3032,-95.8941
KOMK,OMK,Omak Airport,48.4644,-119.518
KONA,ONA,Winona Municipal Airport (Max Conrad Field),44.0772,-91.7083
KONL,ONL,O'Neill Municipal Airport (John L. Baker Field),42.4699,-98.6881
KONM,ONM,Socorro Municipal Airport,34.024,-106.898
KONO,ONO,Ontario Municipal Airport,44.0205,-117.014
KONP,ONP,Newport Municipal Airport,44.5804,-124.058
KONT,ONT,Ontario International Airport,34.056,-117.601
KONY,ONY,Olney Municipal Airport,33.3522,-98.7915
KOOA,OOA,Oskaloosa Municipal Airport,41.0048,-93.3096
KOPF,OPF,Miami-Opa Locka Executive Airport,25.907,-80.2784
KOPL,OPL,St. Landry Parish Airport (Ahart Field),30.5584,-92.0994
KOQU,NCO,Quonset State Airport,41.5971,-71.4121
KORD,ORD,Chicago O'Hare International Airport,41.9786,-87.9047
KORF,ORF,Norfolk International Airport,36.8946,-76.2012
KORH,ORH,Worcester Regional Airport,42.2673,-71.8757
KORI,ORI,Port Lions Airport,57.8853,-152.846
KORL,ORL,Orlando Executive Airport,28.5455,-81.3329
KORS,ESD,Orcas Island Airport,48.7082,-122.91
KOSA,MPS,Mount Pleasant Regional Airport,32.8981,-79.7828
KOSC,OSC,Oscoda-Wurtsmith Airport,44.4516,-83.3941
KOSH,OSH,Wittman Regional Airport,43.9844,-88.557
KOSU,OSU,Ohio State University Airport,40.0798,-83.073
KOSX,OSX,Kosciusko-Attala County Airport,33.09,-89.5409
KOTG,OTG,Worthington Municipal Airport,43.6559,-95.584
KOTH,OTH,Southwest Oregon Regional Airport,43.4171,-124.246
KOTM,OTM,Ottumwa Regional Airport,41.1066,-92.4479
KOUN,OUN,University of Oklahoma Westheimer Airport (Max Westheimer Airport),35.2456,-97.4721
KOVE,OVE,Oroville Municipal Airport,39.4878,-121.622
KOWA,OWA,Owatonna Degner Regional Airport,44.1234,-93.2606
KOWB,OWB,Owensboro-Daviess County Airport,37.7401,-87.1668
KOWD,OWD,Norwood Memorial Airport,42.1905,-71.1729
KOWK,OWK,Central Maine Airport of Norridgewock,44.7155,-69.8665
KOXB,OCE,Ocean City Municipal Airport,38.3104,-75.124
KOXC,OXC,Waterbury-Oxford Airport,41.4786,-73.1352
KOXD,OXD,Miami University Airport,39.5023,-84.7844
KOXR,OXR,Oxnard Airport,34.2008,-119.207
KOYM,STQ,St. Marys Municipal Airport,41.4125,-78.5026
KOZA,OZA,Ozona Municipal Airport,30.7353,-101.203
KOZR,OZR,Cairns Army Airfield,31.2757,-85.7134
KPAE,PAE,Paine Field (Snohomish County Airport),47.9063,-122.282
KPAH,PAH,Barkley Regional Airport,37.0608,-88.7738
KPAM,PAM,Tyndall Air Force Base,30.0696,-85.5754
KPAN,PJB,Payson Airport,34.2568,-111.339
KPAO,PAO,Palo Alto Airport (Santa Clara County Airport),37.4611,-122.115
KPBF,PBF,Grider Field,34.1731,-91.9356
KPBG,PBG,Plattsburgh International Airport,44.6509,-73.4681
KPBI,PBI,Palm Beach International Airport,26.6832,-80.0956
KPBX,PVL,Pike County Airport,37.5618,-82.5664
KPDC,PCD,Prairie du Chien Municipal Airport,43.0193,-91.1237
KPDK,PDK,DeKalb-Peachtree Airport,33.8756,-84.302
KPDT,PDT,Eastern Oregon Regional Airport,45.6951,-118.841
KPDX,PDX,Portland International Airport,45.5887,-122.598
KPEQ,PEQ,Pecos Municipal Airport,31.3824,-103.511
KPFC,PFC,Pacific City State Airport,45.1998,-123.962
KPGA,PGA,Page Municipal Airport,36.9261,-111.448
KPGD,PGD,Punta Gorda Airport,26.9202,-81.9905
KPGR,PGR,Kirk Field,36.0629,-90.5078
KPGV,PGV,Pitt-Greenville Airport,35.6352,-77.3853
KPHD,PHD,Harry Clever Field,40.4709,-81.4197
KPHF,PHF,Newport News/Williamsburg International Airport,37.1319,-76.493
KPHH,ADR,Robert F. Swinnie Airport,33.4517,-79.5262
KPHK,PHK,Palm Beach County Glades Airport,26.785,-80.6934
KPHL,PHL,Philadelphia International Airport,39.8719,-75.2411
KPHN,PHN,St. Clair County International Airport,42.911,-82.5289
KPHP,PHP,Philip Airport,44.0486,-101.599
KPHT,PHT,Henry County Airport,36.3382,-88.3829
KPHX,PHX,Phoenix Sky Harbor International Airport,33.4343,-112.012
KPIA,PIA,General Wayne A. Downing Peoria International Airport,40.6642,-89.6933
KPIB,PIB,Hattiesburg-Laurel Regional Airport,31.4671,-89.3371
KPIE,PIE,St. Pete-Clearwater International Airport,27.9102,-82.6874
KPIH,PIH,Pocatello Regional Airport,42.9098,-112.596
KPIM,PIM,Harris County Airport,32.8407,-84.8824
KPIR,PIR,Pierre Regional Airport,44.3827,-100.286
KPIT,PIT,Pittsburgh International Airport,40.4915,-80.2329
KPKB,PKB,Mid-Ohio Valley Regional Airport,39.3451,-81.4392
KPKD,PKD,Park Rapids Municipal Airport (Konshok Field),46.9006,-95.0731
KPKF,PKF,Park Falls Municipal Airport,45.955,-90.4244
KPLK,PLK,M. Graham Clark Downtown Airport,36.6259,-93.2289
KPLN,PLN,Pellston Regional Airport (Emmet County),45.5709,-84.7967
KPLR,PLR,St. Clair County Airport,33.5588,-86.2491
KPMB,PMB,Pembina Municipal Airport,48.9425,-97.2408
KPMD,PMD,Palmdale Regional Airport,34.6294,-118.085
KPMH,PMH,Greater Portsmouth Regional Airport,38.8405,-82.8473
KPMP,PPM,Pompano Beach Airpark,26.2471,-80.1111
KPNA,PWY,Ralph Wenz Field,42.7955,-109.807
KPNC,PNC,Ponca City Regional Airport,36.732,-97.0998
KPNE,PNE,Northeast Philadelphia Airport,40.0819,-75.0106
KPNN,PNN,Princeton Municipal Airport,45.2007,-67.5644
KPNS,PNS,Pensacola International Airport,30.4734,-87.1866
KPOB,POB,Pope Field (Pope AFB),35.1709,-79.0145
KPOC,POC,Brackett Field,34.0916,-117.782
KPOE,POE,Polk Army Airfield,31.0448,-93.1917
KPOF,POF,Poplar Bluff Municipal Airport,36.7739,-90.3249
KPOH,POH,Pocahontas Municipal Airport,36.2456,-90.9553
KPOU,POU,Dutchess County Airport,41.6266,-73.8842
KPOY,POY,Powell Municipal Airport,44.8672,-108.793
KPPA,PPA,Perry Lefors Field,35.613,-100.996
KPPF,PPF,Tri-City Airport,37.3299,-95.5062
KPPO,LPO,La Porte Municipal Airport,41.5725,-86.7345
KPQI,PQI,Northern Maine Regional Airport at Presque Isle,46.689,-68.0448
KPQL,PGL,Trent Lott International Airport,30.4628,-88.5292
KPRB,PRB,Paso Robles Municipal Airport,35.6729,-120.627
KPRC,PRC,Ernest A. Love Field,34.6545,-112.42
KPRO,PRO,Perry Municipal Airport,41.828,-94.1599
KPRX,PRX,Cox Field,33.6366,-95.4508
KPSB,PSB,Mid-State Regional Airport,40.8835,-78.0863
KPSC,PSC,Tri-Cities Airport,46.2647,-119.119
KPSF,PSF,Pittsfield Municipal Airport,42.4268,-73.2929
KPSK,PSK,New River Valley Airport,37.1373,-80.6785
KPSM,PSM,Portsmouth International Airport at Pease,43.0779,-70.8233
KPSN,PSN,Palestine Municipal Airport,31.7797,-95.7063
KPSO,PGO,Stevens Field,37.2863,-107.056
KPSP,PSP,Palm Springs International Airport,33.8297,-116.507
KPSX,PSX,Palacios Municipal Airport,28.7275,-96.251
KPTB,PTB,Dinwiddie County Airport,37.1838,-77.5074
KPTK,PTK,Oakland County International Airport,42.6655,-83.4201
KPTN,PTN,Harry P. Williams Memorial Airport,29.7095,-91.339
KPTS,PTS,Atkinson Municipal Airport,37.4478,-94.7311
KPTT,PTT,Pratt Regional Airport,37.7016,-98.7469
KPTV,PTV,Porterville Municipal Airport,36.0296,-119.063
KPTW,PTW,Heritage Field,40.2396,-75.5567
KPUB,PUB,Pueblo Memorial Airport,38.2891,-104.497
KPUC,PUC,Carbon County Regional Airport,39.6139,-110.751
KPUW,PUW,Pullman-Moscow Regional Airport,46.7439,-117.11
KPVC,PVC,Provincetown Municipal Airport,42.0719,-70.2214
KPVD,PVD,Theodore Francis Green State Airport,41.7326,-71.4204
KPVF,PVF,Placerville Airport,38.7242,-120.753
KPVG,,Hampton Roads Executive Airport,36.780278,-76.448889
KPVU,PVU,Provo Municipal Airport,40.2192,-111.723
KPVW,PVW,Hale County Airport,34.1681,-101.717
KPWA,PWA,Wiley Post Airport,35.5342,-97.6471
KPWD,PWD,Sher-Wood Airport,48.7903,-104.534
KPWM,PWM,Portland International Jetport,43.6462,-70.3093
KPWT,PWT,Bremerton National Airport,47.4902,-122.765
KPYM,PYM,Plymouth Municipal Airport,41.909,-70.7288
KRAC,RAC,John H. Batten Airport,42.7606,-87.8152
KRAL,RAL,Riverside Municipal Airport,33.9519,-117.445
KRAP,RAP,Rapid City Regional Airport,44.0453,-103.057
KRBD,RBD,Dallas Executive Airport,32.6809,-96.8682
KRBG,RBG,Roseburg Regional Airport,43.2388,-123.356
KRBL,RBL,Red Bluff Municipal Airport,40.1507,-122.252
KRBW,RBW,Lowcountry Regional Airport,32.921,-80.6406
KRCA,RCA,Ellsworth Air Force Base,44.145,-103.104
KRCK,RCK,H. H. Coffield Regional Airport,30.6316,-96.9897
KRCR,RCR,Fulton County Airport,41.0656,-86.1817
KRCT,RCT,Nartron Field,43.9,-85.5167
KRDD,RDD,Redding Municipal Airport,40.509,-122.293
KRDG,RDG,Reading Regional Airport (Carl A. Spaatz Field),40.3785,-75.9652
KRDM,RDM,Roberts Field,44.2541,-121.15
KRDR,RDR,Grand Forks Air Force Base,47.9611,-97.4012
KRDU,RDU,Raleigh-Durham International Airport,35.8776,-78.7875
KREO,REO,Rome State Airport,42.5777,-117.885
KRFD,RFD,Chicago Rockford International Airport,42.1953,-89.0972
KRFG,RFG,Rooke Field,28.2886,-97.318
KRHI,RHI,Rhinelander-Oneida County Airport,45.6312,-89.4675
KRHV,RHV,Reid-Hillview Airport of Santa Clara County,37.3329,-121.819
KRIC,RIC,Richmond International Airport,37.5052,-77.3197
KRID,RID,Richmond Municipal Airport,39.7572,-84.8428
KRIF,RIF,Richfield Municipal Airport,38.7364,-112.099
KRIL,RIL,Garfield County Regional Airport,39.5263,-107.727
KRIR,RIR,Flabob Airport,33.9897,-117.411
KRIV,RIV,March Air Reserve Base,33.8807,-117.259
KRIW,RIW,Central Wyoming Regional Airport,43.0642,-108.46
KRKD,RKD,Knox County Regional Airport,44.0601,-69.0992
KRKP,RKP,Aransas County Airport,28.0868,-97.0446
KRKR,RKR,Robert S. Kerr Airport,35.0216,-94.6213
KRKS,RKS,Southwest Wyoming Regional Airport,41.5942,-109.065
KRKW,RKW,Rockwood Municipal Airport,35.9223,-84.6897
KRLD,RLD,Richland Airport,46.3056,-119.304
KRME,RME,Griffiss International Airport,43.2338,-75.407
KRMG,RMG,Richard B. Russell Airport,34.3506,-85.158
KRMN,,Stafford Regional Airport,38.398056,-77.455556
KRNC,RNC,Warren County Memorial Airport,35.6987,-85.8438
KRND,RND,Randolph Air Force Base,29.5297,-98.2789
KRNH,RNH,New Richmond Regional Airport,45.1483,-92.5381
KRNO,RNO,Reno-Tahoe International Airport,39.4991,-119.768
KRNT,RNT,Renton Municipal Airport,47.4931,-122.216
KROA,ROA,Roanoke-Blacksburg Regional Airport (Woodrum Field),37.3255,-79.9754
KROC,ROC,Greater Rochester International Airport,43.1189,-77.6724
KROG,ROG,Rogers Municipal Airport (Carter Field),36.3723,-94.1069
KROW,ROW,Roswell International Air Center,33.3016,-104.531
KROX,ROX,Roseau Municipal Airport (Rudy Billberg Field),48.856,-95.697
KRPD,RIE,Rice Lake Regional Airport (Carl's Field),45.419,-91.7735
KRPX,RPX,Roundup Airport,46.4751,-108.541
KRQB,WBR,Roben-Hood Airport,43.7226,-85.5041
KRRL,RRL,Merrill Municipal Airport,45.1989,-89.7129
KRRT,RRT,Warroad International Memorial Airport (Swede Carlson Field),48.9414,-95.3484
KRSL,RSL,Russell Municipal Airport,38.8721,-98.8118
KRSN,RSN,Ruston Regional Airport,32.5144,-92.5917
KRST,RST,Rochester International Airport,43.9083,-92.5
KRSW,RSW,Southwest Florida International Airport,26.5362,-81.7552
KRTN,RTN,Raton Municipal Airport (Crews Field),36.7415,-104.502
KRUQ,SRW,Rowan County Airport,35.6459,-80.5203
KRUT,RUT,Rutland - Southern Vermont Regional Airport,43.5294,-72.9496
KRVL,RED,Mifflin County Airport,40.6774,-77.6268
KRVS,RVS,Richard Lloyd Jones Jr. Airport,36.0396,-95.9846
KRWF,RWF,Redwood Falls Municipal Airport,44.5472,-95.0823
KRWI,RWI,Rocky Mount-Wilson Regional Airport,35.8563,-77.8919
KRWL,RWL,Rawlins Municipal Airport (Harvey Field),41.8056,-107.2
KRXE,RXE,Rexburg-Madison County Airport,43.8339,-111.805
KRZL,RNZ,Jasper County Airport,40.9479,-87.1826
KRZZ,RZZ,Halifax County Airport,36.4395,-77.7093
KSAA,SAA,Shively Field,41.4449,-106.824
KSAC,SAC,Sacramento Executive Airport,38.5125,-121.493
KSAD,SAD,Safford Regional Airport,32.8548,-109.635
KSAF,SAF,Santa Fe Municipal Airport,35.6171,-106.089
KSAN,SAN,San Diego International Airport,32.7336,-117.19
KSAR,SAR,Sparta Community Airport (Hunter Field),38.1489,-89.6987
KSAS,SAS,Salton Sea Airport,33.2414,-115.952
KSAT,SAT,San Antonio International Airport,29.5337,-98.4698
KSAV,SAV,Savannah/Hilton Head International Airport,32.1276,-81.2021
KSAW,MQT,Sawyer International Airport,46.3536,-87.3954
KSBA,SBA,Santa Barbara Municipal Airport,34.4262,-119.84
KSBD,SBD,San Bernardino International Airport,34.0954,-117.235
KSBM,SBM,Sheboygan County Memorial Airport,43.7696,-87.8514
KSBN,SBN,South Bend International Airport,41.7087,-86.3173
KSBP,SBP,San Luis Obispo County Regional Airport (McChesney Field),35.2368,-120.642
KSBS,SBS,Steamboat Springs Airport (Bob Adams Field),40.5163,-106.866
KSBX,SBX,Shelby Airport,48.5407,-111.871
KSBY,SBY,Salisbury-Ocean City-Wicomico Regional Airport,38.3405,-75.5103
KSCB,SCB,Scribner State Airport,41.6103,-96.6299
KSCH,SCH,Schenectady County Airport,42.8525,-73.9289
KSCK,SCK,Stockton Metropolitan Airport,37.8942,-121.238
KSDF,SDF,Louisville International Airport (Standiford Field),38.1744,-85.736
KSDL,SCF,Scottsdale Airport,33.6229,-111.911
KSDM,SDM,Brown Field Municipal Airport,32.5723,-116.98
KSDY,SDY,Sidney-Richland Municipal Airport,47.7069,-104.193
KSEA,SEA,Seattle-Tacoma International Airport,47.449,-122.309
KSEE,SEE,Gillespie Field,32.8262,-116.972
KSEF,SEF,Sebring Regional Airport,27.4564,-81.3424
KSEG,SEG,Penn Valley Airport,40.8206,-76.8639
KSEM,SEM,Craig Field,32.3439,-86.9878
KSEP,SEP,Stephenville Clark Regional Airport,32.2153,-98.1777
KSER,SER,Freeman Municipal Airport,38.9236,-85.9074
KSEZ,SDX,Sedona Airport,34.8486,-111.788
KSFB,SFB,Orlando Sanford International Airport,28.7776,-81.2375
KSFF,SFF,Felts Field,47.6828,-117.323
KSFM,SFM,Sanford Seacoast Regional Airport,43.3939,-70.708
KSFO,SFO,San Francisco International Airport,37.619,-122.375
KSFZ,SFZ,North Central State Airport,41.9208,-71.4914
KSGF,SGF,Springfield-Branson National Airport,37.2457,-93.3886
KSGH,SGH,Springfield-Beckley Municipal Airport,39.8403,-83.8402
KSGJ,UST,Northeast Florida Regional Airport,29.9592,-81.3398
KSGR,SGR,Sugar Land Regional Airport,29.6223,-95.6565
KSGT,SGT,Stuttgart Municipal Airport,34.5995,-91.575
KSGU,SGU,St. George Regional Airport,37.0364,-113.51
KSHD,SHD,Shenandoah Valley Regional Airport,38.2638,-78.8964
KSHN,SHN,Sanderson Field,47.2336,-123.148
KSHR,SHR,Sheridan County Airport,44.7692,-106.98
KSHV,SHV,Shreveport Regional Airport,32.4466,-93.8256
KSIK,SIK,Sikeston Memorial Municipal Airport,36.8989,-89.5618
KSIV,SIV,Sullivan County Airport,39.1147,-87.4483
KSIY,SIY,Siskiyou County Airport,41.7781,-122.473
KSJC,SJC,San Jose International Airport,37.3626,-121.929
KSJN,SJN,St. Johns Industrial Air Park,34.5186,-109.379
KSJT,SJT,San Angelo Regional Airport (Mathis Field),31.3577,-100.496
KSKA,SKA,Fairchild Air Force Base,47.6151,-117.656
KSKF,SKF,Kelly Field Annex / Lackland Air Force Base,29.3842,-98.5811
KSKX,TSM,Taos Regional Airport,36.4582,-105.672
KSKY,SKY,Griffing Sandusky Airport,41.4333,-82.6522
KSLB,SLB,Storm Lake Municipal Airport,42.5973,-95.2407
KSLC,SLC,Salt Lake City International Airport,40.7884,-111.978
KSLE,SLE,McNary Field,44.9095,-123.003
KSLG,SLG,Smith Field,36.1919,-94.49
KSLK,SLK,Adirondack Regional Airport,44.3853,-74.2062
KSLN,SLN,Salina Regional Airport,38.791,-97.6522
KSLO,SLO,Salem-Leckrone Airport,38.6429,-88.9642
KSLR,SLR,Sulphur Springs Municipal Airport,33.1598,-95.6211
KSMD,SMD,Smith Field,41.1434,-85.1528
KSME,SME,Lake Cumberland Regional Airport,37.0534,-84.6159
KSMF,SMF,Sacramento International Airport,38.6954,-121.591
KSMN,SMN,Lemhi County Airport,45.1238,-113.881
KSMO,SMO,Santa Monica Municipal Airport,34.0158,-118.451
KSMS,SUM,Sumter Airport,33.995,-80.3613
KSMX,SMX,Santa Maria Public Airport (Capt. G. Allan Hancock Field),34.8989,-120.457
KSNA,SNA,John Wayne Airport (Orange County Airport),33.6757,-117.868
KSNK,SNK,Winston Field Airport,32.6934,-100.95
KSNL,SNL,Shawnee Regional Airport,35.3579,-96.9428
KSNS,SNS,Salinas Municipal Airport,36.6628,-121.606
KSNY,SNY,Sidney Municipal Airport (Lloyd W. Carr Field),41.1013,-102.985
KSOP,SOP,Moore County Airport,35.2374,-79.3912
KSOW,SOW,Show Low Regional Airport,34.2655,-110.006
KSPA,SPA,Spartanburg Downtown Memorial Airport,34.9157,-81.9565
KSPF,SPF,Black Hills Airport (Clyde Ice Field),44.4803,-103.783
KSPG,SPG,Albert Whitted Airport,27.7651,-82.627
KSPI,SPI,Abraham Lincoln Capital Airport,39.8441,-89.6779
KSPS,SPS,Sheppard Air Force Base / Wichita Falls Municipal Airport,33.9888,-98.4919
KSPW,SPW,Spencer Municipal Airport,43.1655,-95.2028
KSQI,SQI,Whiteside County Airport (Jos. H. Bittorf Field),41.7428,-89.6763
KSQL,SQL,San Carlos Airport,37.5119,-122.25
KSRC,SRC,Searcy Municipal Airport,35.2106,-91.7375
KSRQ,SRQ,Sarasota-Bradenton International Airport,27.3954,-82.5544
KSRR,RUI,Sierra Blanca Regional Airport,33.4628,-105.535
KSSC,SSC,Shaw Air Force Base,33.9727,-80.4706
KSSF,SSF,Stinson Municipal Airport,29.337,-98.4711
KSSI,SSI,Malcolm McKinnon Airport,31.1518,-81.3913
KSTC,STC,St. Cloud Regional Airport,45.5466,-94.0599
KSTE,STE,Stevens Point Municipal Airport,44.5452,-89.5303
KSTJ,STJ,Rosecrans Memorial Airport,39.7719,-94.9097
KSTK,STK,Sterling Municipal Airport,40.6153,-103.265
KSTL,STL,Lambert-St. Louis International Airport,38.7487,-90.37
KSTP,STP,St. Paul Downtown Airport (Holman Field),44.9345,-93.06
KSTS,STS,Charles M. Schulz-Sonoma County A,38.509,-122.813
KSUA,SUA,Witham Field,27.1817,-80.2211
KSUD,SUD,Stroud Municipal Airport,35.7896,-96.6557
KSUE,SUE,Door County Cherryland Airport,44.8437,-87.4215
KSUN,SUN,Friedman Memorial Airport,43.5044,-114.296
KSUS,SUS,Spirit of St. Louis Airport,38.6621,-90.652
KSUU,SUU,Travis Air Force Base,38.2627,-121.927
KSUW,SUW,Richard I. Bong Airport,46.6897,-92.0947
KSUX,SUX,Sioux Gateway Airport (Colonel Bud Day Field),42.4026,-96.3844
KSVC,SVC,Grant County Airport,32.6365,-108.156
KSVE,SVE,Susanville Municipal Airport,40.3757,-120.573
KSVH,SVH,Statesville Regional Airport,35.7653,-80.9539
KSVN,SVN,Hunter Army Airfield,32.01,-81.1457
KSWF,SWF,New York Stewart International Airport,41.5042,-74.1047
KSWO,SWO,Stillwater Regional Airport,36.1612,-97.0857
KSWW,SWW,Avenger Field,32.4674,-100.467
KSYI,SYI,Shelbyville Municipal Airport (Bomar Field),35.5601,-86.4425
KSYN,SYN,Stanton Airfield,44.4755,-93.0163
KSYR,SYR,Syracuse Hancock International Airport,43.1112,-76.1063
KSYV,SYV,Sylvester Airport,31.5585,-83.8957
KSZL,SZL,Whiteman Air Force Base,38.7303,-93.5479
KSZN,SZN,Santa Cruz Island Airport,34.0606,-119.915
KSZP,SZP,Santa Paula Airport,34.3472,-119.061
KTAD,TAD,Perry Stokes Airport,37.2594,-104.341
KTBN,TBN,Waynesville-St. Robert Regional Airport (Forney Field),37.7416,-92.1407
KTBR,TBR,Statesboro-Bulloch County Airport,32.4827,-81.7369
KTCC,TCC,Tucumcari Municipal Airport,35.1828,-103.603
KTCL,TCL,Tuscaloosa Regional Airport,33.2206,-87.6114
KTCM,TCM,McChord Field,47.1377,-122.476
KTCS,TCS,Truth or Consequences Municipal Airport,33.2369,-107.272
KTDO,TDO,South Lewis County Airport (Ed Carlson Memorial Field),46.4772,-122.806
KTDW,TDW,Tradewind Airport,35.1699,-101.826
KTDZ,TDZ,Toledo Executive Airport,41.5649,-83.4823
KTEB,TEB,Teterboro Airport,40.8501,-74.0608
KTEX,TEX,Telluride Regional Airport,37.9538,-107.908
KTHA,THA,Tullahoma Regional Airport (William Northern Field),35.3801,-86.2464
KTHM,THM,Thompson Falls Airport,47.5735,-115.281
KTHP,THP,Hot Springs County-Thermopolis Municipal Airport,43.7136,-108.39
KTHV,THV,York Airport,39.917,-76.873
KTIK,TIK,Tinker Air Force Base,35.4147,-97.3866
KTIW,TIW,Tacoma Narrows Airport,47.2679,-122.578
KTIX,TIX,Space Coast Regional Airport,28.5148,-80.7992
KTKX,KNT,Kennett Memorial Airport,36.2259,-90.0366
KTLH,TLH,Tallahassee International Airport,30.3965,-84.3503
KTLR,TLR,Mefford Field Airport,36.1563,-119.326
KTMA,TMA,Henry Tift Myers Airport,31.429,-83.4885
KTMB,TMB,Miami Executive Airport,25.6479,-80.4328
KTMK,OTK,Tillamook Airport,45.4182,-123.814
KTNP,TNP,Twentynine Palms Airport,34.1316,-115.946
KTNT,TNT,Dade-Collier Training and Transition Airport,25.8618,-80.897
KTNU,TNU,Newton Municipal Airport,41.6744,-93.0217
KTNX,XSD,Tonopah Test Range Airport,37.7988,-116.781
KTOA,TOA,Zamperini Field,33.8034,-118.34
KTOC,TOC,Toccoa Airport (R.G. LeTourneau Field),34.5938,-83.2958
KTOI,TOI,Troy Municipal Airport,31.8604,-86.0121
KTOL,TOL,Toledo Express Airport,41.5868,-83.8078
KTOP,TOP,Philip Billard Municipal Airport,39.0687,-95.6225
KTOR,TOR,Torrington Municipal Airport,42.0645,-104.153
KTPA,TPA,Tampa International Airport,27.9755,-82.5332
KTPF,TPF,Peter O. Knight Airport,27.9156,-82.4493
KTPH,TPH,Tonopah Airport,38.0602,-117.087
KTPL,TPL,Draughon-Miller Central Texas Regional Airport,31.1525,-97.4078
KTRI,TRI,Tri-Cities Regional Airport,36.4752,-82.4074
KTRK,TKF,Truckee Tahoe Airport,39.32,-120.14
KTRL,TRL,Terrell Municipal Airport,32.7092,-96.2674
KTRM,TRM,Jacqueline Cochran Regional Airport,33.6267,-116.16
KTRX,TRX,Trenton Municipal Airport,40.0836,-93.5908
KTSP,TSP,Tehachapi Municipal Airport,35.135,-118.439
KTTD,TTD,Portland-Troutdale Airport,45.5494,-122.401
KTTN,TTN,Trenton-Mercer Airport,40.2767,-74.8135
KTUL,TUL,Tulsa International Airport,36.1984,-95.8881
KTUP,TUP,Tupelo Regional Airport,34.2681,-88.7699
KTUS,TUS,Tucson International Airport,32.1161,-110.941
KTVC,TVC,Cherry Capital Airport,44.7414,-85.5822
KTVF,TVF,Thief River Falls Regional Airport,48.0657,-96.185
KTVI,TVI,Thomasville Regional Airport,30.9016,-83.8813
KTVL,TVL,Lake Tahoe Airport,38.8939,-119.995
KTWF,TWF,Magic Valley Regional Airport (Joslin Field),42.4818,-114.488
KTXK,TXK,Texarkana Regional Airport (Webb Field),33.4537,-93.991
KTYL,TYZ,Taylor Airport,34.4528,-110.115
KTYR,TYR,Tyler Pounds Regional Airport,32.3541,-95.4024
KTYS,TYS,McGhee Tyson Airport,35.811,-83.994
KUBS,UBS,Columbus-Lowndes County Airport,33.4654,-88.3803
KUCC,UCC,Yucca Airstrip,36.9458,-116.038
KUCY,UCY,Everett-Stewart Regional Airport,36.3818,-88.9854
KUDD,UDD,Bermuda Dunes Airport,33.7484,-116.275
KUES,UES,Waukesha County Airport (Crites Field),43.041,-88.2371
KUGN,UGN,Waukegan National Airport,42.4222,-87.8679
KUIL,UIL,Quillayute Airport,47.9366,-124.563
KUIN,UIN,Quincy Regional Airport (Baldwin Field),39.9427,-91.1946
KUKF,IKB,Wilkes County Airport,36.2228,-81.0983
KUKI,UKI,Ukiah Municipal Airport,39.126,-123.201
KUKT,UKT,Quakertown Airport,40.4352,-75.3819
KULM,ULM,New Ulm Municipal Airport,44.3196,-94.5023
KUNI,ATO,Ohio University Airport (Snyder Field),39.211,-82.2314
KUNU,UNU,Dodge County Airport,43.4266,-88.7032
KUNV,SCE,University Park Airport,40.8493,-77.8487
KUOS,UOS,Franklin County Airport,35.2051,-85.8981
KUOX,UOX,University-Oxford Airport,34.3843,-89.5368
KUTA,UTM,Tunica Municipal Airport,34.681,-90.3467
KUTS,HTV,Huntsville Municipal Airport (Bruce Brothers Regional),30.7469,-95.5872
KUUU,NPT,Newport State Airport,41.5324,-71.2815
KUVA,UVA,Garner Field,29.2113,-99.7436
KUZA,RKH,Rock Hill/York County Airport,34.9878,-81.0572
KVAD,VAD,Moody Air Force Base,30.9678,-83.193
KVAY,LLY,South Jersey Regional Airport,39.9429,-74.8457
KVBG,VBG,Vandenberg Air Force Base,34.7373,-120.584
KVBT,,Bentonville Municipal Airport,36.3458,-94.2194
KVCT,VCT,Victoria Regional Airport,28.8526,-96.9185
KVCV,VCV,Southern California Logistics Airport,34.5975,-117.383
KVDI,VDI,Vidalia Regional Airport,32.1927,-82.3712
KVEL,VEL,Vernal Regional Airport,40.4409,-109.51
KVGT,VGT,North Las Vegas Airport,36.2107,-115.194
KVHN,VHN,Culberson County Airport,31.0578,-104.784
KVIH,VIH,Rolla National Airport,38.1274,-91.7695
KVIS,VIS,Visalia Municipal Airport,36.3187,-119.393
KVJI,VJI,Virginia Highlands Airport,36.6871,-82.0333
KVKS,VKS,Vicksburg Municipal Airport,32.2393,-90.9284
KVLA,VLA,Vandalia Municipal Airport,38.9915,-89.1662
KVLD,VLD,Valdosta Regional Airport,30.7825,-83.2767
KVNC,VNC,Venice Municipal Airport,27.0716,-82.4403
KVNY,VNY,Van Nuys Airport,34.2098,-118.49
KVOK,VOK,Volk Field Air National Guard Base,43.939,-90.2534
KVPS,VPS,Destin-Fort Walton Beach Airport / Eglin Air Force Base,30.4832,-86.5254
KVPZ,VPZ,Porter County Regional Airport,41.454,-87.0071
KVQQ,VQQ,Cecil Airport,30.2187,-81.8767
KVRB,VRB,Vero Beach Regional Airport,27.6556,-80.4179
KVSF,VSF,Hartness State Airport,43.3436,-72.5173
KVTN,VTN,Miller Field,42.8578,-100.548
KVYS,VYS,Illinois Valley Regional Airport (Walter A. Duncan Field),41.3519,-89.1531
KWAL,WAL,Wallops Flight Facility,37.9402,-75.4664
KWAY,WAY,Greene County Airport,39.9001,-80.1331
KWBW,WBW,Wilkes-Barre Wyoming Valley Airport,41.2972,-75.8512
KWDG,WDG,Enid Woodring Regional Airport,36.3792,-97.7911
KWDR,WDR,Barrow County Airport,33.9829,-83.6674
KWEA,WEA,Parker County Airport,32.7463,-97.6824
KWHP,WHP,Whiteman Airport,34.2593,-118.413
KWJF,WJF,General William J. Fox Airfield,34.7411,-118.219
KWLD,WLD,Strother Field,37.1686,-97.0376
KWLW,WLW,Willows-Glenn County Airport,39.5164,-122.218
KWMC,WMC,Winnemucca Municipal Airport,40.8966,-117.806
KWRB,WRB,Robins Air Force Base,32.6401,-83.5919
KWRI,WRI,McGuire Air Force Base,40.0156,-74.5917
KWRL,WRL,Worland Municipal Airport,43.9657,-107.951
KWSD,WSD,Condron Army Airfield,32.3415,-106.403
KWST,WST,Westerly State Airport,41.3496,-71.8034
KWVI,WVI,Watsonville Municipal Airport,36.9357,-121.79
KWVL,WVL,Waterville Robert LaFleur Airport,44.5332,-69.6755
KWWD,WWD,Cape May Airport,39.0085,-74.9083
KWWR,WWR,West Woodward Airport,36.438,-99.5227
KWYS,WYS,Yellowstone Airport,44.6884,-111.118
KXNA,XNA,Northwest Arkansas Regional Airport,36.2819,-94.3068
KXWA,XWA,Williston Basin International Airport,48.2597,-103.751
KYKM,YKM,Yakima Air Terminal (McAllister Field),46.5682,-120.544
KYKN,YKN,Chan Gurney Municipal Airport,42.9167,-97.3859
KYNG,YNG,Youngstown-Warren Regional Airport,41.2607,-80.6791
KZPH,ZPH,Zephyrhills Municipal Airport,28.2282,-82.1559
KZZV,ZZV,Zanesville Municipal Airport,39.9444,-81.8921
