SAAC,COC,Comodoro Pierrestegui Airport,-31.2969,-57.9966
SAAG,GHU,Gualeguaychu Airport,-33.0103,-58.6131
SAAJ,JNI,Junin Airport,-34.5459,-60.9306
SAAP,PRA,General Justo Jose de Urquiza Airport,-31.7948,-60.4804
SAAR,ROS,Rosario - Islas Malvinas International Airport,-32.9036,-60.785
SAAV,SFN,Sauce Viejo Airport,-31.7117,-60.8117
SABE,AEP,Aeroparque Internacional Jorge Newbery,-34.5589,-58.4164
SACC,LCM,La Cumbre Airport,-31.0058,-64.5319
SACO,COR,Ingeniero Aeronautico Ambrosio L.V. Taravella International Airport (Pajas Blancas),-31.3236,-64.208
SADL,LPG,La Plata Airport,-34.9722,-57.8947
SADP,EPA,El Palomar Airport,-34.6099,-58.6126
SAEZ,EZE,Ministro Pistarini International Airport,-34.8222,-58.5358
SAFR,RAF,Rafaela Airport,-31.2825,-61.5017
SAFS,NCJ,Sunchales Airport,-30.9575,-61.5283
SAHC,HOS,Chos Malal Airport,-37.4447,-70.2225
SAHR,GNR,Dr. Arturo Umberto Illia Airport,-39.0007,-67.6205
SAHS,RDS,Rincon de los Sauces Airport,-37.3906,-68.9042
SAHZ,APZ,Zapala Airport,-38.9755,-70.1136
SAME,MDZ,Gov. Francisco Gabrielli International Airport (El Plumerillo),-32.8317,-68.7929
SAMM,LGS,Comodoro D. Ricardo Salomon Airport,-35.4936,-69.5743
SAMR,AFA,San Rafael Airport (Argentina),-34.5883,-68.4039
SANC,CTC,Coronel Felipe Varela International Airport,-28.5956,-65.7517
SANE,SDE,Vicecomodoro Angel de la Paz Aragones Airport,-27.7656,-64.31
SANL,IRJ,Capitan Vicente Almandos Almonacid Airport,-29.3816,-66.7958
SANR,RHD,Termas de Rio Hondo Airport,-27.4966,-64.936
SANT,TUC,Teniente General Benjamin Matienzo International Airport,-26.8409,-65.1049
SANU,UAQ,Domingo Faustino Sarmiento Airport,-31.5715,-68.4182
SANW,CRR,Ceres Airport,-29.8723,-61.9279
SAOC,RCU,Las Higueras Airport,-33.0851,-64.2613
SAOD,VDR,Villa Dolores Airport,-31.9452,-65.1463
SAOR,VME,Villa Reynolds Airport,-33.7299,-65.3874
SAOS,RLO,Valle del Conlara Airport,-32.3847,-65.1865
SAOU,LUQ,Brigadier Mayor Cesar Raul Ojeda Airport,-33.2732,-66.3564
SARC,CNQ,Doctor Fernando Piragine Niveyro International Airport,-27.4455,-58.7619
SARE,RES,Resistencia International Airport,-27.45,-59.0561
SARF,FMA,Formosa International Airport (El Pucu Airport),-26.2127,-58.2281
SARI,IGR,Cataratas del Iguazu International Airport,-25.7373,-54.4734
SARL,AOL,Paso de los Libres Airport,-29.6894,-57.1521
SARM,MCS,Monte Caseros Airport,-30.2719,-57.6402
SARP,PSS,Libertador General Jose de San Martin Airport,-27.3858,-55.9707
SARS,PRQ,Presidencia Roque Saenz Pena Airport,-26.7536,-60.4922
SASA,SLA,Martin Miguel de Guemes International Airport,-24.856,-65.4862
SASJ,JUJ,Gobernador Horacio Guzman International Airport,-24.3928,-65.0978
SASO,ORA,Oran Air,-23.1528,-64.3292
SAST,TTG,Tartagal Airport,-22.6196,-63.7937
SATC,CLX,Clorinda Airport,-25.3036,-57.7344
SATD,ELO,Eldorado Airport,-26.3975,-54.5747
SATG,OYA,Goya Airport,-29.1058,-59.2189
SATK,LLS,Alferez Armando Rodriguez Airport,-24.7214,-60.5488
SATM,MDX,Mercedes Airport,-29.2214,-58.0878
SATR,RCQ,Reconquista Airport,-29.2103,-59.68
SATU,UZU,Curuzu Cuatia Airport,-29.7706,-57.9789
SAVB,EHL,El Bolson Airport,-41.9432,-71.5323
SAVC,CRD,General Enrique Mosconi International Airport,-45.7853,-67.4655
SAVD,EMX,El Maiten Airport,-42.0292,-71.1725
SAVE,EQS,Esquel Airport,-42.908,-71.1395
SAVH,LHS,Las Heras Airport,-46.5383,-68.9653
SAVJ,IGB,Ingeniero Jacobacci Airport (Capitan FAA H. R. Borden Airport),-41.3209,-69.5749
SAVM,OLN,Lago Musters Airport,-45.5824,-68.9998
SAVN,OES,Antoine de Saint Exupery Airport,-40.7512,-65.0343
SAVQ,MQD,Maquinchao Airport,-41.2431,-68.7078
SAVR,ARR,Alto Rio Senguer Airport,-45.0136,-70.8122
SAVS,SGV,Sierra Grande Airport,-41.5917,-65.3394
SAVT,REL,Almirante Marcos A. Zar Airport,-43.2105,-65.2703
SAVV,VDM,Gobernador Edgardo Castello Airport,-40.8692,-63.0004
SAVY,PMY,El Tehuelche Airport,-42.7592,-65.1027
SAWA,FTE,Comandante Armando Tola International Airport,-50.2803,-72.0531
SAWD,PUD,Puerto Deseado Airport,-47.7353,-65.9041
SAWE,RGA,Hermes Quijada International Airport,-53.7777,-67.7494
SAWG,RGL,Piloto Civil Norberto Fernandez International Airport,-51.6089,-69.3126
SAWH,USH,Ushuaia - Malvinas Argentinas International Airport,-54.8433,-68.2958
SAWJ,ULA,Capitan Jose Daniel Vazquez Airport,-49.3068,-67.8026
SAWM,ROY,Rio Mayo Airport,-45.7039,-70.2456
SAWP,PMQ,Perito Moreno Airport,-46.5379,-70.9787
SAWR,GGS,Gobernador Gregores Airport,-48.7831,-70.15
SAWS,JSM,Jose de San Martin Airport,-44.0486,-70.4589
SAWT,RYO,Rio Turbio Airport,-51.605,-72.2203
SAWU,RZA,Santa Cruz Airport (Argentina),-50.0165,-68.5792
SAZB,BHI,Comandante Espora Airport,-38.725,-62.1693
SAZC,CSZ,Brigadier Hector Eduardo Ruiz Airport,-37.4461,-61.8893
SAZF,OVR,Olavarria Airport,-36.89,-60.2166
SAZG,GPO,General Pico Airport,-35.6962,-63.7583
SAZH,OYO,Tres Arroyos Airport,-38.3869,-60.3297
SAZL,SST,Santa Teresita Airport,-36.5423,-56.7218
SAZM,MDQ,Astor Piazzolla International Airport,-37.9342,-57.5733
SAZN,NQN,Presidente Peron International Air,-38.949,-68.1557
SAZO,NEC,Necochea Airport,-38.4831,-58.8172
SAZP,PEH,Comodoro Pedro Zanni Airport,-35.8446,-61.8576
SAZR,RSA,Santa Rosa Airport (Argentina),-36.5883,-64.2757
SAZS,BRC,San Carlos de Bariloche Airport,-41.1512,-71.1575
SAZT,TDL,Tandil Airport,-37.2374,-59.2279
SAZV,VLG,Villa Gesell Airport,-37.2354,-57.0292
SAZW,CUT,Cutral Co Airport,-38.9397,-69.2646
SAZY,CPC,Aviador Carlos Campos Airport,-40.0754,-71.1373
SBAA,CDJ,Conceicao do Araguaia Airport,-8.34835,-49.3015
SBAC,ARX,Aracati Airport,-4.56861,-37.8047
SBAE,JTC,Moussa Nakhl Tobias-Bauru/Arealva State Airport,-22.1669,-49.0503
SBAQ,AQA,Araraquara Airport,-21.812,-48.133
SBAR,AJU,Santa Maria Airport (Sergipe),-10.984,-37.0703
SBAS,AIF,Assis Airport,-22.64,-50.4531
SBAT,AFL,Alta Floresta Airport,-9.86639,-56.105
SBAU,ARU,Aracatuba Airport,-21.1413,-50.4247
SBAX,AAX,Araxa Airport,-19.5632,-46.9604
SBBE,BEL,Val de Cans International Airport,-1.37925,-48.4763
SBBG,BGX,Comandante Gustavo Kraemer Airport,-31.3905,-54.1122
SBBI,BFH,Bacacheri Airport,-25.4051,-49.232
SBBP,BJP,Arthur Siqueira-Braganca Paulista State Airport,-22.9792,-46.5375
SBBR,BSB,Brasilia International Airport (Presidente J. Kubitschek Int'l Airport),-15.8692,-47.9208
SBBT,BAT,Chafei Amsei Airport,-20.5845,-48.5941
SBBU,BAU,Bauru Airport,-22.3436,-49.0539
SBBV,BVB,Boa Vista International Airport,2.84139,-60.6922
SBBW,BPG,Barra do Garcas Airport,-15.8613,-52.3889
SBBZ,BZC,Umberto Modiano Airport,-22.7709,-41.9631
SBCA,CAC,Cascavel Airport (Adalberto Mendes da Silva Airport),-25.0003,-53.5008
SBCB,CFB,Cabo Frio International Airport,-22.9217,-42.0743
SBCD,CFC,Cacador Airport,-26.7884,-50.9398
SBCF,CNF,Tancredo Neves International Airport,-19.6336,-43.9686
SBCG,CGR,Campo Grande International Airport,-20.4687,-54.6725
SBCH,XAP,Serafin Enoss Bertaso Airport,-27.1342,-52.6566
SBCI,CLN,Carolina Airport,-7.32044,-47.4587
SBCJ,CKS,Carajas Airport,-6.11528,-50.0014
SBCM,CCM,Diomicio Freitas Airport,-28.7244,-49.4214
SBCN,CLV,Caldas Novas Airport,-17.7253,-48.6075
SBCP,CAW,Bartolomeu Lysandro Airport,-21.6983,-41.3017
SBCR,CMG,Corumba International Airport,-19.0119,-57.6714
SBCT,CWB,Afonso Pena International Airport,-25.5285,-49.1758
SBCV,CRQ,Caravelas Airport,-17.6523,-39.2531
SBCX,CXJ,Caxias do Sul Airport (Hugo Cantergiani Regional Airport),-29.1971,-51.1875
SBCY,CGB,Marechal Rondon International Airport,-15.6529,-56.1167
SBCZ,CZS,Cruzeiro do Sul International Airport,-7.59991,-72.7695
SBDB,BYO,Bonito Airport,-21.2473,-56.4525
SBDN,PPB,Presidente Prudente Airport,-22.1751,-51.4246
SBEG,MAO,Eduardo Gomes International Airport,-3.03861,-60.0497
SBEK,JCR,Jacareacanga Airport,-6.23316,-57.7769
SBFI,IGU,Foz do Iguacu International Airport,-25.6003,-54.485
SBFL,FLN,Hercilio Luz International Airport,-27.6703,-48.5525
SBFN,FEN,Fernando de Noronha Airport (Gov. Carlos Wilson Airport),-3.85493,-32.4233
SBFZ,FOR,Pinto Martins - Fortaleza International Airport,-3.77628,-38.5326
SBGL,GIG,Galeao-Antonio Carlos Jobim International Airport,-22.81,-43.2506
SBGM,GJM,Guajara-Mirim Airport,-10.7864,-65.2848
SBGO,GYN,Santa Genoveva Airport,-16.632,-49.2207
SBGR,GRU,Guarulhos International Airport,-23.4322,-46.4692
SBGU,GPB,Tancredo Thomas de Faria Airport,-25.3875,-51.5202
SBGV,GVR,Coronel Altino Machado de Oliveira Airport,-18.8952,-41.9822
SBGW,GUJ,Guaratingueta Airport,-22.7916,-45.2048
SBHT,ATM,Altamira Airport,-3.25391,-52.254
SBIC,ITA,Itacoatiara Airport,-3.12726,-58.4812
SBIH,ITB,Itaituba Airport,-4.24234,-56.0007
SBIL,IOS,Ilheus Jorge Amado Airport,-14.816,-39.0332
SBIP,IPN,Vale do Aco Regional Airport,-19.4707,-42.4876
SBIT,ITR,Itumbiara Airport,-18.4447,-49.2134
SBIZ,IMP,Imperatriz Airport (Prefeito Renato Moreira Airport),-5.53129,-47.46
SBJA,JJG,Humberto Ghizzo Bortoluzzi Regional Airport,-28.6753,-49.0596
SBJE,JJD,Comte. Ariston Pessoa Regional Airport,-2.90667,-40.3581
SBJF,JDF,Francisco Alvares de Assis Airport,-21.7915,-43.3868
SBJP,JPA,Presidente Castro Pinto International Airport,-7.14583,-34.9486
SBJR,RRJ,Jacarepagua Airport,-22.9878,-43.3702
SBJU,JDO,Juazeiro do Norte Airport,-7.21896,-39.2701
SBJV,JOI,Joinville-Lauro Carneiro de Loyola Airport,-26.2245,-48.7974
SBKG,CPV,Campina Grande Airport (Presidente Joao Suassuna Airport),-7.26992,-35.8964
SBKP,VCP,Viracopos-Campinas International Airport,-23.0081,-47.1344
SBLE,LEC,Coronel Horacio de Mattos Airport,-12.4823,-41.277
SBLJ,LAJ,Antonio Correia Pinto de Macedo Airport,-27.7821,-50.2815
SBLN,LIP,Lins Airport,-21.664,-49.7305
SBLO,LDB,Londrina-Governador Jose Richa Airport,-23.3336,-51.1301
SBLP,LAZ,Bom Jesus da Lapa Airport,-13.2621,-43.4081
SBMA,MAB,Joao Correa da Rocha Airport,-5.36859,-49.138
SBMC,MQH,Minacu Airport,-13.5491,-48.1953
SBMD,MEU,Serra do Areao Airport,-0.889839,-52.6022
SBME,MEA,Benedito Lacerda Airport,-22.343,-41.766
SBMG,MGF,Silvio Name Junior Regional Airport,-23.4761,-52.0162
SBMK,MOC,Montes Claros/Mario Ribeiro Airport,-16.7069,-43.8189
SBML,MII,Frank Miloye Milenkowichi-Marilia State Airport,-22.1969,-49.9264
SBMN,PLL,Manaus Air Force Base,-3.14604,-59.9863
SBMO,MCZ,Zumbi dos Palmares International Airport,-9.51081,-35.7917
SBMQ,MCP,Alberto Alcolumbre International Airport,0.050664,-51.0722
SBMS,MVF,Gov. Dix-Sept Rosado Airport,-5.20192,-37.3643
SBMY,MNX,Manicore Airport,-5.81138,-61.2783
SBNF,NVT,Navegantes-Ministro Victor Konder International Airport,-26.88,-48.6514
SBNM,GEL,Sepe Tiaraju Airport,-28.2817,-54.1691
SBNT,NAT,Sao Goncalo do Amarante-Governador Aluizio Alves International Airport,-5.76806,-35.3761
SBOI,OYK,Oiapoque Airport,3.85549,-51.7969
SBPA,POA,Salgado Filho International Airport,-29.9944,-51.1714
SBPB,PHB,Parnaiba-Prefeito Dr. Joao Silva Filho International Airport,-2.89375,-41.732
SBPC,POO,Pocos de Caldas Airport,-21.843,-46.5679
SBPF,PFB,Lauro Kurtz Airport,-28.244,-52.3266
SBPJ,PMW,Palmas-Brigadeiro Lysias Rodrigues Airport,-10.2915,-48.357
SBPK,PET,Joao Simoes Lopes Neto International Airport,-31.7184,-52.3277
SBPL,PNZ,Senador Nilo Coelho Airport,-9.36241,-40.5691
SBPN,PNB,Porto Nacional Airport,-10.7194,-48.3997
SBPP,PMG,Ponta Pora International Airport,-22.5496,-55.7026
SBPS,BPS,Porto Seguro Airport,-16.4386,-39.0809
SBPV,PVH,Governador Jorge Teixeira de Oliveira International Airport,-8.70929,-63.9023
SBQV,VDC,Pedro Otacilio Figueiredo Airport,-14.8628,-40.8631
SBRB,RBR,Placido de Castro International Airport,-9.86889,-67.8981
SBRF,REC,Recife/Guararapes-Gilberto Freyre International Airport,-8.12649,-34.9236
SBRG,RIG,Rio Grande Regional Airport,-32.0817,-52.1633
SBRJ,SDU,Rio de Janeiro Santos Dumont Airport,-22.9103,-43.1655
SBRP,RAO,Leite Lopes Airport,-21.1364,-47.7767
SBRR,BRB,Barreirinhas Airport,-2.75663,-42.8057
SBSJ,SJK,Professor Urbano Ernesto Stumpf International Airport,-23.2292,-45.8615
SBSL,SLZ,Marechal Cunha Machado International Airport,-2.58536,-44.2341
SBSM,RIA,Santa Maria Airport (Rio Grande do Sul),-29.7114,-53.6882
SBSN,STM,Santarem-Maestro Wilson Fonseca Airport,-2.42472,-54.7858
SBSP,CGH,Sao Paulo Congonhas Airport,-23.6282,-46.6572
SBSR,SJP,Prof. Eribelto Manoel Reino State Airport,-20.8166,-49.4065
SBST,SSZ,Santos Air Force Base,-23.9281,-46.2997
SBSV,SSA,Deputado Luis Eduardo Magalhaes International Airport,-12.9086,-38.3225
SBTB,TMT,Porto Trombetas Airport,-1.4896,-56.3968
SBTC,UNA,Una-Comandatuba Airport,-15.3552,-38.999
SBTD,TOW,Luiz dal Canalle Filho Airport,-24.6863,-53.6975
SBTE,THE,Teresina-Senador Petronio Portel Airport,-5.05994,-42.8235
SBTF,TFF,Tefe Airport,-3.38294,-64.7241
SBTG,TJL,Plinio Alarcom Airport,-20.7542,-51.6842
SBTK,TRQ,Jose Galera dos Santos Airport,-8.15526,-70.7833
SBTL,TEC,Telemaco Borba Airport,-24.3178,-50.6516
SBTR,TSQ,Torres Airport,-29.4149,-49.81
SBTT,TBT,Tabatinga International Airport,-4.25567,-69.9358
SBTU,TUR,Tucurui Airport,-3.78601,-49.7203
SBUA,SJL,Sao Gabriel da Cachoeira Airport,-0.14835,-66.9855
SBUF,PAV,Paulo Afonso Airport,-9.40088,-38.2506
SBUG,URG,Rubem Berta International Airport,-29.7822,-57.0382
SBUL,UDI,Ten. Cel. Av. Cesar Bombonato Airport,-18.8836,-48.2253
SBUP,URB,Castilho Airport (Urubupunga Airport),-20.7771,-51.5648
SBUR,UBA,Mario de Almeida Franco Airport,-19.7647,-47.9661
SBVG,VAG,Major Brigadeiro Trompowsky Airport,-21.5901,-45.4733
SBVH,BVH,Vilhena Airport (Brigadeiro Camarao Airport),-12.6944,-60.0983
SBVT,VIX,Eurico de Aguiar Salles Airport,-20.2581,-40.2864
SBZM,IZA,Presidente Itamar Franco Airport (Zona da Mata Regional Airport),-21.5131,-43.1731
SCAC,ZUD,Pupelde Airfield,-41.9043,-73.7966
SCAN,LOB,San Rafael Airport,-32.8142,-70.6467
SCAP,WAP,Alto Palena Airfield,-43.6119,-71.8061
SCAR,ARI,Chacalluta International Airport,-18.3485,-70.3387
SCAS,WPA,Cabo Juan Roman Airfield,-45.3992,-72.6703
SCAT,CPO,Desierto de Atacama Airport,-27.2612,-70.7792
SCBA,BBA,Balmaceda Airport,-45.9161,-71.6895
SCBE,TOQ,Barriles Airport,-22.1411,-70.0629
SCCC,CCH,Chile Chico Airfield,-46.5833,-71.6874
SCCF,CJC,El Loa Airport,-22.4982,-68.9036
SCCH,YAI,General Bernardo O'Higgins Airport,-36.5825,-72.0314
SCCI,PUQ,Presidente Carlos Ibanez del Campo International Airport,-53.0026,-70.8546
SCCY,GXQ,Teniente Vidal Airfield,-45.5942,-72.1061
SCDA,IQQ,Diego Aracena International Airport,-20.5352,-70.1813
SCEL,SCL,Arturo Merino BenÃ­tez International Airport,-33.3928,-70.7856
SCES,ESR,Ricardo Garcia Posada Airport,-26.3111,-69.7652
SCFA,ANF,Cerro Moreno International Airport,-23.4445,-70.4451
SCFM,WPR,Capitan Fuentes Martinez Airport,-53.2537,-70.3192
SCFR,FRT,Frutillar Airport,-41.117,-73.05
SCFT,FFU,Futaleufu Airfield,-43.1892,-71.8511
SCGE,LSQ,Maria Dolores Airport,-37.4017,-72.4254
SCGZ,WPU,Guardiamarina Zanartu Airport,-54.9311,-67.6263
SCHR,LGR,Cochrane Airfield,-47.2438,-72.5884
SCIE,CCP,Carriel Sur International Airport,-36.7727,-73.0631
SCIP,IPC,Mataveri International Airport (Isla de Pascua Airport),-27.1648,-109.422
SCJO,ZOS,Canal Bajo Carlos Hott Siebert Airport,-40.6112,-73.061
SCKP,CPP,Coposa Airport,-20.75,-68.6833
SCLL,VLR,Vallenar Airport,-28.5964,-70.756
SCNT,PNT,Teniente Julio Gallardo Airport,-51.6715,-72.5284
SCOV,OVL,El Tuqui Airport,-30.5592,-71.1756
SCPC,ZPC,Pucon Airport,-39.2928,-71.9159
SCPQ,MHC,Mocopulli Airport,-42.3404,-73.7157
SCPV,PUX,El Mirador Airport,-41.3494,-72.9467
SCQB,COW,Coquimbo Airport,-30.1989,-71.2469
SCQP,ZCO,La Araucania Airport,-38.9259,-72.6515
SCRA,CNR,Chanaral Airport,-26.3325,-70.6073
SCRD,VAP,Rodelillo Airfield,-33.0681,-71.5575
SCRM,TNM,Teniente R. Marsh Airport,-62.1908,-58.9867
SCSB,SMB,Franco Bianco Airport,-52.7367,-69.3336
SCSE,LSC,La Florida Airport,-29.9162,-71.1995
SCSF,SSD,San Felipe Airport,-32.7458,-70.705
SCST,WCA,Gamboa Airport,-42.4903,-73.7728
SCTC,PZS,Maquehue Airport,-38.7668,-72.6371
SCTE,PMC,El Tepual Airport,-41.4389,-73.094
SCTL,TLX,Panguilemo Airport,-35.3778,-71.6017
SCTN,WCH,Chaiten Airfield,-42.9328,-72.6991
SCTO,ZIC,Victoria Airport,-38.2456,-72.3486
SCTT,TTC,Las Breas Airport,-25.5643,-70.3759
SCVD,ZAL,Pichoy Airport,-39.65,-73.0861
SCVM,KNA,Vina del Mar Airport,-32.9496,-71.4786
SDAM,CPQ,Campo dos Amarais Airport,-22.8592,-47.1081
SDCG,OLC,Senadora Eunice Michiles Airport,-3.46793,-68.9204
SDCO,SOD,Sorocaba Airport,-23.478,-47.49
SDJL,JLS,Jales Airport,-20.293,-50.5464
SDOU,OUS,Jornalista Benedito Pimentel-Ourinhos State Airport,-22.9665,-49.9133
SDOW,OIA,Ourilandia do Norte Airport,-6.7631,-51.0499
SDRS,REZ,Resende Airport,-22.4785,-44.4803
SDSC,QSC,Mario Pereira Lopes Airport,-21.8754,-47.9037
SDUB,UBT,Ubatuba Airport,-23.4411,-45.0756
SDUN,ITP,Itaperuna Airport,-21.2193,-41.8759
SDVG,VOT,Votuporanga Airport (Domingos Pignatari Airport),-20.4632,-50.0045
SEAM,ATF,Chachoan Airport,-1.21207,-78.5746
SECO,OCC,Francisco de Orellana Airport,-0.462886,-76.9868
SECU,CUE,Mariscal Lamar International Airport,-2.88947,-78.9844
SEGS,GPS,Seymour Airport,-0.453758,-90.2659
SEGU,GYE,Jose Joaquin de Olmedo International Airport,-2.15742,-79.8836
SEII,IBB,General Villamil Airport,-0.942628,-90.953
SEJD,TNW,Jumandy Airport,-1.05972,-77.5833
SEJI,JIP,Jipijapa Airport,-1,-80.6667
SEMA,MRR,Jose Maria Velasco Ibarra Airport,-4.37823,-79.941
SEMC,XMS,Edmundo Carvajal Airport,-2.29917,-78.1208
SEMH,MCH,General Manuel Serrano Airport,-3.2689,-79.9616
SEMT,MEC,Eloy Alfaro International Airport,-0.946078,-80.6788
SENL,LGQ,Lago Agrio Airport,0.093056,-76.8675
SEPT,PYO,Putumayo Airport,0.115949,-75.8502
SEPV,PVO,Reales Tamarindos Airport,-1.04165,-80.4722
SEQM,UIO,Mariscal Sucre International Airport,-0.129167,-78.3575
SERO,ETR,Santa Rosa International Airport,-3.44199,-79.997
SESA,SNC,General Ulpiano Paez Airport,-2.20499,-80.9889
SESC,SUQ,Sucua Airport,-2.483,-78.167
SESM,PTZ,Rio Amazonas Airport,-1.50524,-78.0627
SEST,SCY,San Cristobal Airport,-0.910206,-89.6174
SESV,BHA,Los Perales Airport,-0.608111,-80.4027
SETH,TSC,Taisha Airport,-2.38167,-77.5028
SETI,TPN,Tiputini Airport,-0.776111,-75.5264
SETM,LOH,Ciudad de Catamayo Airport,-3.99589,-79.3719
SETN,ESM,Carlos Concha Torres International Airport,0.978519,-79.6266
SETR,TPC,Tarapoa Airport,-0.122956,-76.3378
SETU,TUA,Teniente Coronel Luis a Mantilla International Airport,0.809506,-77.7081
SFAL,PSY,Port Stanley Airport,-51.6857,-57.7776
SGAS,ASU,Silvio Pettirossi International Airport,-25.24,-57.52
SGAY,AYO,Juan de Ayolas Airport,-27.3706,-56.8541
SGBN,BFA,Bahia Negra Airport,-20.2246,-58.1792
SGCO,CIO,Teniente Coronel Carmelo Peralta Airport,-23.4424,-57.4273
SGEN,ENO,Teniente Amin Ayub Gonzalez Airport,-27.2274,-55.8375
SGES,AGT,Guarani  International Airport,-25.4545,-54.8427
SGFI,FLM,Filadelfia Airport,-22.3605,-60.0536
SGME,ESG,Dr. Luis Maria Argana International Airport,-22.05,-60.62
SGOL,OLK,Fuerte Olimpo Airport,-21.0452,-57.8825
SGPI,PIL,Carlos Miguel Jimenez Airport,-26.8812,-58.318
SGPJ,PJC,Dr. Augusto Roberto Fuster International Airport,-22.64,-55.83
SILC,LVR,Bom Futuro Municipal Airport,-13.0379,-55.9502
SIMK,FRC,Franca Airport (Ten. Lund Presotto-Franca State Airport),-20.5922,-47.3829
SIZX,JUA,Mauro Luiz Frizon Airport,-11.2966,-57.5495
SJNP,NPR,Novo Progresso Airport,-7.12583,-55.4008
SKAC,ACR,Araracuara Airport,-0.5833,-72.4083
SKAD,ACD,Alcides Fernandez Airport,8.51667,-77.3
SKAG,HAY,Hacaritama Airport,8.24722,-73.5819
SKAM,AFI,Amalfi Airport (Colombia),6.91667,-75.0667
SKAN,ADN,Andes Airport,5.69764,-75.8804
SKAP,API,Captain Luis F. Gomez Nino Air Base,4.07607,-73.5627
SKAR,AXM,El Eden International Airport,4.45278,-75.7664
SKAS,PUU,Tres de Mayo Airport,0.505228,-76.5008
SKAT,ARQ,El Troncal Airport,7.02106,-71.3889
SKBC,ELB,Las Flores Airport,9.04554,-73.9749
SKBG,BGA,Palonegro International Airport,7.1265,-73.1848
SKBM,NBB,Barranco Minas Airport,3.48333,-69.8
SKBO,BOG,El Dorado International Airport,4.70159,-74.1469
SKBQ,BAQ,Ernesto Cortissoz International Airport,10.8896,-74.7808
SKBS,BSC,Jose Celestino Mutis Airport,6.20292,-77.3947
SKBU,BUN,Gerardo Tobar Lopez Airport,3.81963,-76.9898
SKCA,CPB,Capurgana Airport,8.63333,-77.35
SKCC,CUC,Camilo Daza International Airport,7.92757,-72.5115
SKCD,COG,Mandinga Airport,5.08333,-76.7
SKCG,CTG,Rafael Nunez International Airport,10.4424,-75.513
SKCI,CCO,Carimagua Airport,4.56417,-71.3364
SKCL,CLO,Alfonso Bonilla Aragon International Airport,3.54322,-76.3816
SKCM,CIM,Cimitarra Airport,6.367,-73.967
SKCN,RAV,Cravo Norte Airport,6.31684,-70.2107
SKCO,TCO,La Florida Airport,1.81442,-78.7492
SKCP,BHF,Bahia Cupica Airport,6.55,-77.3263
SKCR,CUO,Caruru Airport,1.0136,-71.2961
SKCU,CAQ,Juan H. White Airport,7.96847,-75.1985
SKCV,CVE,Covenas Airport,9.40092,-75.6913
SKCZ,CZU,Las Brujas Airport,9.33274,-75.2856
SKEB,EBG,El Bagre Airport (El Tomin Airport),7.59647,-74.8089
SKEH,ECR,El Charco Airport,2.44944,-78.0942
SKEJ,EJA,Yariguies Airport,7.02433,-73.8068
SKFL,FLA,Gustavo Artunduaga Paredes Airport,1.58919,-75.5644
SKGA,LGT,Las Gaviotas Airport,4.54972,-70.925
SKGI,GIR,Santiago Vila Airport,4.27624,-74.7967
SKGO,CRC,Santa Ana Airport,4.75818,-75.9557
SKGP,GPI,Guapi Airport (Juan Casiano Airport),2.57013,-77.8986
SKHA,CPL,General Navas Pardo Airport,3.717,-75.467
SKHC,HTZ,Hato Corozal Airport,6.15,-71.75
SKIB,IBE,Perales Airport,4.42161,-75.1333
SKIG,IGO,Jaime Ortiz Betancur Airport,7.68038,-76.6865
SKIM,LPE,La Primavera Airport,3.73333,-76.2167
SKIP,IPI,San Luis Airport,0.861925,-77.6718
SKJU,JUO,Jurado Airport,6.51667,-76.6
SKLC,APO,Antonio Roldan  Betancourt Airport,7.81196,-76.7164
SKLG,LQM,Caucaya Airport,-0.182278,-74.7708
SKLM,MCJ,Jorge Isaacs Airport (La Mina Airport),11.2325,-72.4901
SKLP,LPD,La Pedrera Airport,-1.32861,-69.5797
SKLT,LET,Alfredo Vasquez Cobo International Airport,-4.19355,-69.9432
SKMB,TBD,Timbiqui Airport,2.767,-77.667
SKMD,EOH,Olaya Herrera Airport,6.22055,-75.5906
SKMF,MFS,Miraflores Airport,1.35,-71.9444
SKMG,MGN,Baracoa Regional Airport,9.28474,-74.8461
SKML,MTB,Montelibano Airport,7.97174,-75.4325
SKMP,MMP,San Bernardo Airport,9.79911,-74.786
SKMR,MTR,Los Garzones Airport,8.82374,-75.8258
SKMU,MVP,Fabio Alberto Leon Bentley Airport,1.25366,-70.2339
SKMZ,MZL,La Nubia Airport (Santaguida Airport),5.0296,-75.4647
SKNA,LMC,La Macarena Airport,2.1736,-73.7862
SKNC,NCI,Antioquia Airport,8.45,-76.7833
SKNQ,NQU,Reyes Murillo Airport,5.6964,-77.2806
SKNV,NVA,Benito Salas Airport,2.95015,-75.294
SKOC,OCV,Aguas Claras Airport,8.31506,-73.3583
SKOE,ORC,Orocue Airport,4.79222,-71.3564
SKOT,OTU,Otu Airport,7.01037,-74.7155
SKPA,RON,Juan Jose Rondon,6.283,-71.083
SKPC,PCR,German Olano Airport,6.18472,-67.4932
SKPD,PDA,Obando Airport,3.85353,-67.9062
SKPE,PEI,Matecana International Airport,4.81267,-75.7395
SKPI,PTX,Contador Airport,1.85777,-76.0857
SKPL,PLT,Plato Airport,9.8,-74.7833
SKPN,NAR,Puerto Nare Airport,6.21002,-74.5906
SKPP,PPN,Guillermo Leon Valencia Airport,2.4544,-76.6093
SKPQ,PAL,Captain German Olano Moreno Air Base,5.48361,-74.6574
SKPR,PBE,Morela Airport (Puerto Berrio Airport,6.46034,-74.4105
SKPS,PSO,Antonio Narino Airport,1.39625,-77.2915
SKPV,PVA,El Embrujo Airport,13.3569,-81.3583
SKPZ,PZA,Paz de Ariporo Airport,5.87615,-71.8866
SKQU,MQU,Mariquita Airport,5.21256,-74.8836
SKRA,TCD,Tarapaca Airport,-2.89472,-69.7472
SKRG,MDE,Jose Maria Cordova International Airport,6.16454,-75.4231
SKRH,RCH,Almirante Padilla Airport,11.5262,-72.926
SKRU,SNT,Las Cruces Airport,7.38322,-73.5054
SKSA,RVE,Los Colonizadores Airport,6.95187,-71.8572
SKSJ,SJE,Jorge Enrique Gonzalez Torres Airport,2.57969,-72.6394
SKSL,SSL,Santa Rosalia Airport,5.1309,-70.8682
SKSM,SMR,Simon Bolivar International Airport,11.1196,-74.2306
SKSO,SOX,Alberto Lleras Camargo Airport,5.67732,-72.9703
SKSP,ADZ,Gustavo Rojas Pinilla International Airport,12.5836,-81.7112
SKSV,SVI,Eduardo Falla Solano Airport,2.15217,-74.7663
SKTA,TAU,Tauramena Airport,5.01281,-72.7424
SKTB,TIB,Tibu Airport,8.63152,-72.7304
SKTD,TDA,Trinidad Airport,5.43278,-71.6625
SKTL,TLU,Golfo de Morrosquillo Airport,9.50945,-75.5854
SKTM,TME,Gabriel Vargas Santos Airport,6.45108,-71.7603
SKTQ,TQS,Captain Ernesto Esguerra Cubides Air Base,0.7459,-75.234
SKTU,TRB,Gonzalo Mejia Airport,8.07453,-76.7415
SKUB,URI,Uribe Airport,3.21667,-74.4
SKUC,AUC,Santiago Perez  Quiroz Airport,7.06888,-70.7369
SKUI,UIB,El Carano Airport,5.69076,-76.6412
SKUL,ULQ,Heriberto Gil Martinez,4.08836,-76.2351
SKUR,URR,Urrao Airport,6.32883,-76.1425
SKVG,VGZ,Villa Garzon Airport,0.978767,-76.6056
SKVL,PYA,Velasquez Airport,5.93904,-74.457
SKVP,VUP,Alfonso Lopez Pumarejo Airport,10.435,-73.2495
SKVV,VVC,La Vanguardia Airport,4.16787,-73.6138
SKYA,AYG,Yaguara Airport,1.54417,-73.9333
SKYP,EYP,El Alcaravan Airport,5.31911,-72.384
SLAG,MHW,Monteagudo Airport,-19.827,-63.961
SLAP,APB,Apolo Airport,-14.7356,-68.4119
SLAS,ASC,Ascencion de Guarayos Airport,-15.9303,-63.1567
SLBJ,BJO,Bermejo Airport,-22.7733,-64.3129
SLBU,BVL,Baures Airport,-13.5833,-63.5833
SLCA,CAM,Camiri Airport,-20.0064,-63.5278
SLCB,CBB,Jorge Wilstermann International Airport,-17.4211,-66.1771
SLCO,CIJ,Captain Anibal Arab Airport,-11.0404,-68.783
SLCP,CEP,Concepcion Airport,-16.1383,-62.0286
SLET,SRZ,El Trompillo Airport,-17.8116,-63.1715
SLGY,GYA,Guayaramerin Airport,-10.8206,-65.3456
SLHI,CCA,Chimore Airport,-16.9889,-65.1417
SLHJ,BVK,Huacaraje Airport,-13.55,-63.7479
SLJE,SJS,San Jose de Chiquitos Airport,-17.8308,-60.7431
SLJO,SJB,San Joaquin Airport,-13.0528,-64.6617
SLJV,SJV,San Javier Airport (Bolivia),-16.2708,-62.4703
SLLP,LPB,El Alto International Airport,-16.5133,-68.1923
SLMG,MGD,Magdalena Airport,-13.2607,-64.0608
SLOR,ORU,Juan Mendoza Airport,-17.9626,-67.0762
SLPO,POI,Captain Nicolas Rojas Airport,-19.5433,-65.7237
SLPR,PUR,Puerto Rico Airport,-11.1077,-67.5512
SLPS,PSZ,Puerto Suarez International Airport,-18.9753,-57.8206
SLRA,SRD,San Ramon Airport,-13.2639,-64.6039
SLRB,RBO,Robore Airport,-18.3292,-59.765
SLRI,RIB,Riberalta Airport,-11,-66
SLRQ,RBQ,Rurrenabaque Airport,-14.4279,-67.4968
SLRY,REY,Reyes Airport,-14.3044,-67.3534
SLSA,SBL,Santa Ana del Yacuma Airport,-13.7622,-65.4352
SLSB,SRJ,Capitan German Quiroga Guardia Airport,-14.8592,-66.7375
SLSI,SNG,Capitan Av. Juan Cochamanidis Air,-16.3836,-60.9628
SLSM,SNM,San Ignacio de Moxos Airport,-14.9658,-65.6338
SLSR,SRB,Santa Rosa Airport (Bolivia),-14.0662,-66.7868
SLSU,SRE,Juana Azurduy de Padilla International Airport,-19.2468,-65.1496
SLTI,MQK,San Matias Airport,-16.3392,-58.4019
SLTJ,TJA,Capitan Oriel Lea Plaza Airport,-21.5557,-64.7013
SLTR,TDD,Teniente Jorge Henrich Arauz Airport,-14.8187,-64.918
SLUY,UYU,Uyuni Airport (Joya Andina Airport),-20.4463,-66.8484
SLVG,VAH,Cap. Av. Vidal Villagomez Toledo Airport,-18.4825,-64.0994
SLVM,VLM,Lieutenant Colonel Rafael Pabon Airport,-21.2552,-63.4056
SLVR,VVI,Viru Viru International Airport,-17.6448,-63.1354
SLYA,BYC,Yacuiba Airport,-21.9609,-63.6517
SMBN,ABN,Albina Airstrip,5.51272,-54.0501
SMCA,AAJ,Cayana Airstrip,3.89868,-55.5779
SMCO,TOT,Totness Airstrip,5.86583,-56.3275
SMDA,DRJ,Drietabbetje Airstrip,4.11136,-54.6728
SMDO,LDO,Laduani Airstrip,4.37611,-55.4071
SMJP,PBM,Johan Adolf Pengel International Airport,5.45283,-55.1878
SMMO,MOJ,Moengo Airstrip,5.6076,-54.4003
SMNI,ICK,Majoor Henry Fernandes Airport (Nieuw Nickerie Airport),5.95556,-57.0394
SMPA,OEM,Vincent Fayks Airport,3.34528,-55.4425
SMST,SMZ,Stoelmans Eiland Airstrip,4.35,-54.4167
SMTP,KCB,Tepoe Airstrip,3.15,-55.717
SMWA,AGI,Wageningen Airstrip,5.84113,-56.6733
SMWS,WSO,Washabo Airport,5.21528,-57.1853
SMZO,ORG,Zorg en Hoop Airport,5.81108,-55.1907
SNAI,APY,Alto Parnaiba Airport,-9.08361,-45.9506
SNAL,APQ,Arapiraca Airport,-9.77536,-36.6292
SNAR,AMJ,Almenara Airport,-16.1839,-40.6672
SNBC,BDC,Barra do Corda Airport,-5.5025,-45.2158
SNBL,BVM,Belmonte Airport,-15.8717,-38.8719
SNBR,BRA,Barreiras Airport,-12.0789,-45.009
SNBS,BSS,Balsas Airport,-7.52603,-46.0533
SNBU,BMS,Socrates Mariani Bittencourt Airport,-14.2554,-41.8175
SNBX,BQQ,Barra Airport (Brazil),-11.0808,-43.1475
SNCP,CTP,Carutapera Airport,-1.25028,-46.0172
SNCP,EEA,Planalto Serrano Correia Regional Airport,-27.6286,-50.3508
SNDC,RDC,Redencao Airport,-8.03329,-49.9799
SNDN,LEP,Leopoldina Airport,-21.4661,-42.727
SNDT,DTI,Diamantina Airport,-18.232,-43.6504
SNDV,DIQ,Divinopolis Airport (Brigadeiro Cabral Airport),-20.1807,-44.8709
SNED,CNV,Canavieiras Airport,-15.667,-38.9547
SNFX,SXX,Sao Felix do Xingu Airport,-6.6413,-51.9523
SNGA,GUZ,Guarapari Airport,-20.6465,-40.4919
SNGD,GDP,Guadalupe Airport,-6.78222,-43.5822
SNGI,GNM,Guanambi Airport,-14.2082,-42.7461
SNGM,GMS,Guimaraes Airport,-2.10944,-44.6511
SNGN,QGP,Garanhuns Airport,-8.8381,-36.4696
SNHA,ITN,Itabuna Airport,-14.8105,-39.2904
SNHS,SET,Serra Talhada Santa Magalhaes Regional Airport,-8.0619,-38.324
SNIC,IRE,Irece Airport,-11.3399,-41.847
SNIU,IPU,Ipiau Airport,-14.1339,-39.7339
SNJB,JCM,Jacobina Airport,-11.1632,-40.5531
SNJD,FEC,Feira de Santana Airport (Gov. Joao Durval Carneiro Airport),-12.2003,-38.9068
SNJK,JEQ,Jequie Airport,-13.8777,-40.0716
SNJN,JNA,Januaria Airport,-15.4738,-44.3855
SNJR,JDR,Prefeito Octavio de Almeida Neves Airport,-21.085,-44.2247
SNKE,CMP,Santana do Araguaia Airport,-9.31997,-50.3285
SNKI,CDI,Cachoeiro de Itapemirim Airport (Raimundo de Andrade Airport),-20.8343,-41.1856
SNLB,LVB,Livramento do Brumado Airport,-13.6506,-41.8339
SNLO,SSO,Sao Lourenco Airport,-22.0909,-45.0445
SNMA,MTE,Monte Alegre Airport,-1.9958,-54.0742
SNMU,MVS,Mucuri Airport,-18.0489,-39.8642
SNMX,SBJ,Sao Mateus Airport,-18.7213,-39.8337
SNMZ,PTQ,Porto de Moz Airport,-1.74145,-52.2361
SNNU,NNU,Nanuque Airport,-17.8233,-40.3299
SNOS,PSW,Municipal JosÃ© Figueiredo Airport,-20.7322,-46.6618
SNOU,FEJ,Feijo Airport,-8.14083,-70.3472
SNOX,ORX,Oriximina Airport,-1.71408,-55.8362
SNPC,PCS,Picos Airport,-7.06206,-41.5237
SNPD,POJ,Pedro Pereira dos Santos Airport,-18.6728,-46.4912
SNPX,PIV,Pirapora Airport,-17.3169,-44.8603
SNQG,FLB,Cangapara Airport,-6.84639,-43.0773
SNRD,PDF,Prado Airport,-17.2967,-39.2712
SNRU,CAU,Caruaru Airport (Oscar Laranjeiras Airport),-8.28239,-36.0135
SNSW,SFK,Soure Airport,-0.699431,-48.521
SNTF,TXF,Teixeira de Freitas Airport (9 de maio Airport),-17.5245,-39.6685
SNTI,OBI,Obidos Airport,-1.86717,-55.5144
SNTO,TFL,Teofilo Otoni Airport (Juscelino Kubitscheck Airport),-17.8923,-41.5136
SNVB,VAL,Valenca Airport,-13.2965,-38.9924
SNVS,BVS,Breves Airport,-1.63653,-50.4436
SNWC,CMC,Camocim Airport,-2.89618,-40.858
SNYA,GGF,Almeirim Airport,-1.47917,-52.5781
SNYE,PHI,Pinheiro Airport,-2.48361,-45.0672
SNZA,PPY,Pouso Alegre Airport,-22.2892,-45.9191
SNZW,ITE,Itubera Airport,-13.7322,-39.1417
SOCA,CAY,Cayenne - Felix Eboue Airport,4.81981,-52.3604
SOGS,GSI,Grand-Santi Airport,4.28583,-54.3731
SOOA,MPY,Maripasoula Airport,3.6575,-54.0372
SOOG,OYP,Saint-Georges-de-l'Oyapock Airport,3.8976,-51.8041
SOOM,LDX,Saint-Laurent-du-Maroni Airport,5.48306,-54.0344
SOOR,REI,Regina Airport,4.31472,-52.1317
SOOS,XAU,Saul Airport,3.61361,-53.2042
SPAR,ALD,Alerta Airport,-11.683,-69.333
SPAY,AYX,Tnte. Gral. Gerardo Perez Pinedo Airport,-10.7292,-73.7667
SPBB,MBP,Moyobamba Airport,-6.01889,-76.9883
SPBL,BLP,Huallaga Airport,-7.06056,-76.5822
SPBR,IBP,Iberia Airport,-11.4116,-69.4887
SPCL,PCL,FAP Captain David Abensur Rengifo International Airport,-8.37794,-74.5743
SPDR,TDP,Trompeteros Airport,-3.80601,-75.0393
SPEO,CHM,Tnte. FAP Jaime Montreuil Morales Airport,-9.14961,-78.5238
SPGM,TGI,Tingo Maria Airport,-9.133,-75.95
SPHI,CIX,FAP Captain Jose Abelardo Quinones Gonzales International Airport,-6.78748,-79.8281
SPHO,AYP,Coronel FAP Alfredo Mendivil Duarte Airport,-13.1548,-74.2044
SPHY,ANS,Andahuaylas Airport,-13.7064,-73.3504
SPHZ,ATA,Comandante FAP German Arias Graziani Airport,-9.34744,-77.5984
SPIL,UMI,Quince Mil Airport,-13.2333,-70.7533
SPIM,LIM,Jorge Chavez International Airport,-12.0219,-77.1143
SPJA,RIJ,Juan Simons Vela Airport,-6.06786,-77.16
SPJE,JAE,Jaen Airport,-5.59248,-78.774
SPJI,JJI,Juanjui Airport,-7.1691,-76.7286
SPJJ,JAU,Francisco Carle Airport,-11.7831,-75.4734
SPJL,JUL,Inca Manco Capac International Airport,-15.4671,-70.1582
SPJN,SJA,San Juan de Marcona Airport,-15.3525,-75.1372
SPJR,CJA,Mayor General FAP Armando Revoredo Iglesias Airport,-7.13918,-78.4894
SPLN,RIM,San Nicolas Airport,-6.39231,-77.5012
SPLO,ILQ,Ilo Airport,-17.695,-71.344
SPME,TBP,Cap. FAP Pedro Canga Rodriguez Airport,-3.55253,-80.3814
SPMF,MZA,Manuel Prado Ugarteche Airport,-11.3254,-74.5356
SPMR,SMG,Santa Maria Airport,-11.9833,-77
SPMS,YMS,Moises Benzaquen Rengifo Airport,-5.89377,-76.1182
SPNC,HUU,Alferez FAP David Figueroa Fernandini Airport,-9.87881,-76.2048
SPOA,SQU,Saposoa Airport,-6.96003,-76.7684
SPPY,CHH,Chachapoyas Airport,-6.20181,-77.8561
SPQT,IQT,Coronel FAP Francisco Secada Vignetta International Airport,-3.78474,-73.3088
SPQU,AQP,Rodriguez Ballon International Airport,-16.3411,-71.5831
SPRU,TRU,FAP Captain Carlos Martinez de Pinillos International Airport,-8.08141,-79.1088
SPSO,PIO,Capitan FAP Renan Elias Olivera Airport,-13.7449,-76.2203
SPST,TPP,Cad. FAP Guillermo del Castillo Paredes Airport,-6.50874,-76.3732
SPSY,SYC,Shiringayoc Airport,-11.898,-69.0625
SPTN,TCQ,Coronel FAP Carlos Ciriani Santa Rosa International Airport,-18.0533,-70.2758
SPTU,PEM,Padre Aldamiz International Airport,-12.6136,-69.2286
SPUR,PIU,FAP Captain Guillermo Concha Iberico International Airport,-5.20575,-80.6164
SPYL,TYL,Capitan FAP VIctor Montes Arias International Airport,-4.57664,-81.2541
SPZA,NZC,Maria Reiche Neuman Airport,-14.854,-74.9615
SPZO,CUZ,Alejandro Velasco Astete International Airport,-13.5357,-71.9388
SSAP,APU,Apucarana Airport,-23.6095,-51.3845
SSBL,BNU,Blumenau Airport,-26.8306,-49.0903
SSCK,CCI,Concordia Airport,-27.1806,-52.0527
SSCL,CSS,Cassilandia Airport,-19.1464,-51.6853
SSCN,CEL,Canela Airport,-29.3706,-50.8322
SSCP,CKO,Cornelio Procopio Airport,-23.1525,-50.6025
SSCT,GGH,Gastao Mesquita Airport,-23.6914,-52.6422
SSDO,DOU,Dourados Airport (Francisco de Matos Pereira Airport),-22.2019,-54.9266
SSER,ERM,Erechim Airport,-27.6619,-52.2683
SSFB,FBE,Francisco Beltrao Airport (Paulo Abdala Airport),-26.0592,-53.0635
SSGY,GGJ,Guaira Airport,-24.0797,-54.1881
SSHZ,HRZ,Horizontina Airport,-27.6383,-54.3391
SSIJ,IJU,Joao Batista Bos Filho Airport,-28.3687,-53.8466
SSIQ,ITQ,Itaqui Airport,-29.1731,-56.5367
SSJA,JCB,Santa Terezinha Municipal Airport,-27.1714,-51.5533
SSKM,CBW,Campo Mourao Airport,-24.0092,-52.3568
SSKW,OAL,Capital do Cafe Airport,-11.496,-61.4508
SSLN,LOI,Helmuth Baungartem Airport,-27.16,-49.5425
SSLT,ALQ,Alegrete Airport,-29.8127,-55.8934
SSOE,SQX,Helio Wasum Airport,-26.7816,-53.5035
SSOG,APX,Arapongas Airport,-23.3529,-51.4917
SSOU,AIR,Aripuana Airport,-10.1883,-59.4573
SSPB,PTO,Juvenal Loureiro Cardoso Airport,-26.2172,-52.6945
SSPG,PNG,Santos Dumont Airport,-25.5401,-48.5312
SSPI,PVI,Edu Chaves Airport,-23.0899,-52.4885
SSPN,PBB,Paranaiba Airport,-19.6512,-51.1994
SSRU,SQY,Sao Lourenco do Sul Airport,-31.3833,-52.0328
SSSC,CSU,Santa Cruz do Sul Airport,-29.6841,-52.4122
SSUM,UMU,Orlando de Carvalho Airport,-23.7987,-53.3138
SSUV,UVI,Uniao da Vitoria Airport,-26.2317,-51.0689
SSVI,VIA,Angelo Ponzoni Municipal Airport,-26.9997,-51.1419
SSVP,CTQ,Santa Vitoria do Palmar Airport,-33.5022,-53.3442
SSYA,AAG,Avelino Vieira Airport,-24.1039,-49.7891
SSZR,SRA,Santa Rosa Airport (Brazil),-27.9067,-54.5204
SSZW,PGZ,Comte. Antonio Amilton Beraldo Airport,-25.1847,-50.1441
SUAG,ATI,Artigas International Airport,-30.4007,-56.5079
SUBU,BUV,Placeres Airport,-30.3333,-57.0833
SUCA,CYR,Colonia Airport (Laguna de los Patos Intn'l Airport),-34.4564,-57.7706
SUDU,DZO,Santa Bernardina International Airport,-33.3589,-56.4992
SULS,PDP,Capitan de Corbeta Carlos A. Curbelo International Airport,-34.8551,-55.0943
SUMO,MLZ,Cerro Largo International Airport,-32.3379,-54.2167
SUMU,MVD,Carrasco Gral. Cesareo L. Berisso International Airport,-34.8384,-56.0308
SUPU,PDU,Tydeo Larre Borges International Airport,-32.3633,-58.0619
SURV,RVY,Pres. Gral. Oscar D. Gestido International Airport,-30.9746,-55.4762
SUSO,STY,Nueva Hesperides International Airport,-31.4385,-57.9853
SUTB,TAW,Tacuarembo Airport,-31.749,-55.9258
SUTR,TYT,Treinta y Tres Airport,-33.1957,-54.3472
SUVO,VCH,Vichadero Airport,-31.767,-54.617
SVAC,AGV,Oswaldo Guevara Mujica Airport,9.55338,-69.2379
SVAN,AAO,Anaco Airport,9.43023,-64.4707
SVBC,BLA,General Jose Antonio Anzoategui International Airport,10.1111,-64.6922
SVBI,BNS,Barinas Airport,8.615,-70.2142
SVBM,BRM,Jacinto Lara International Airport,10.0427,-69.3586
SVBS,MYC,Mariscal Sucre Airport,10.25,-67.6494
SVCB,CBL,Tomas de Heres Airport,8.12216,-63.537
SVCD,CXA,Caicara del Orinoco Airport,7.62551,-66.1628
SVCG,CUV,Casigua El Cubo Airport,8.75814,-72.5363
SVCL,CLZ,Calabozo Airport,8.92466,-67.4171
SVCN,CAJ,Canaima Airport,6.23199,-62.8544
SVCO,VCR,Carora Airport,10.1756,-70.0652
SVCP,CUP,General Jose Francisco Bermudez Airport,10.66,-63.2617
SVCR,CZE,Jose Leonardo Chirino Airport,11.4149,-69.6809
SVCU,CUM,Antonio Jose de Sucre Airport,10.4503,-64.1305
SVED,EOR,El Dorado Airport,6.73333,-61.5833
SVEZ,EOZ,Elorza Airport,7.08333,-69.5333
SVGD,GDO,Guasdualito Airport (Vare Maria Airport),7.23333,-70.8
SVGI,GUI,Guiria Airport,10.5741,-62.3127
SVGU,GUQ,Guanare Airport,9.02694,-69.7551
SVHG,HGE,Higuerote Airport,10.4625,-66.0928
SVIC,ICA,Icabaru Airport,4.33632,-61.7396
SVIE,ICC,Andres Miguel Salazar Marcano Airport,10.7944,-63.9816
SVJC,LSP,Josefa Camejo International Airport,11.7808,-70.1515
SVKA,KAV,Kavanayen Airport,5.633,-61.783
SVKM,KTV,Kamarata Airport,5.75,-62.416
SVLF,LFR,La Fria Airport,8.23917,-72.271
SVMC,MAR,La Chinita International Airport,10.5582,-71.7279
SVMD,MRD,Alberto Carnevalli Airport,8.58208,-71.161
SVMG,PMV,Santiago Marino Caribbean International Airport,10.9126,-63.9666
SVMI,CCS,Simon Bolivar International Airport,10.6012,-66.9912
SVMT,MUN,Jose Tadeo Monagas International Airport,9.75453,-63.1474
SVON,CBS,Oro Negro Airport,10.3307,-71.3225
SVPA,PYH,Cacique Aramare Airport,5.61999,-67.6061
SVPC,PBL,Bartolome Salom Airport,10.4805,-68.073
SVPE,PDZ,Pedernales Airport,9.97924,-62.2286
SVPM,SCI,Paramillo Airport,7.80132,-72.2029
SVPR,PZO,Manuel Carlos Piar Guayana Airport,8.28853,-62.7604
SVPT,PTM,Palmarito Airport,7.56667,-70.1833
SVRS,LRV,Los Roques Airport,11.95,-66.67
SVSA,SVZ,Juan Vicente Gomez International Airport,7.84083,-72.4397
SVSB,SBB,Santa Barbara de Barinas Airport,7.80351,-71.1657
SVSE,SNV,Santa Elena de Uairen Airport,4.555,-61.15
SVSO,STD,Mayor Buenaventura Vivas Airport,7.56538,-72.0351
SVSP,SNF,Sub Teniente Nestor Arias Airport,10.2787,-68.7552
SVSR,SFD,Las Flecheras Airport,7.88332,-67.444
SVST,SOM,San Tome Airport,8.94515,-64.1511
SVSZ,STB,Miguel Urdaneta Fernandez Airport,8.97455,-71.9433
SVTC,TUV,San Rafael Airport,9.08899,-62.0942
SVTM,TMO,Tumeremo Airport,7.24938,-61.5289
SVUM,URM,Uriman Airport,5.33333,-62.7667
SVVA,VLN,Arturo Michelena International Airport,10.1497,-67.9284
SVVG,VIG,Juan Pablo Perez Alfonzo Airport,8.62414,-71.6727
SVVL,VLV,Dr. Antonio Nicolas Briceno Airport,9.34048,-70.5841
SVVP,VDP,Valle de la Pascua Airport,9.22203,-65.9936
SVWX,ELJ,El Recreo Airport,2,-74.1333
SWBC,BAZ,Barcelos Airport,-0.981292,-62.9196
SWBR,RBB,Borba Airport,-4.40634,-59.6024
SWCA,CAF,Carauari Airport,-4.87152,-66.8975
SWCQ,CQS,Costa Marques Airport,-12.4211,-64.2516
SWDM,DMT,Diamantino Airport,-14.3769,-56.4004
SWDN,DNO,Dianopolis Airport,-11.5954,-46.8467
SWEC,ARS,Aragarcas Airport,-15.8994,-52.2411
SWEI,ERN,Eirunepe Airport (Amaury Feitosa Tomaz Airport),-6.63953,-69.8798
SWEK,CQA,Canarana Airport,-13.5744,-52.2706
SWFX,SXO,Sao Felix do Araguaia,-11.6324,-50.6896
SWGI,GRP,Gurupi Airport,-11.7396,-49.1322
SWGN,AUX,Araguaina Airport,-7.22787,-48.2405
SWHP,GGB,Agua Boa Airport,-14.0194,-52.1522
SWHT,HUW,Francisco Correa da Cruz Airport,-7.53212,-63.0721
SWII,IPG,Ipiranga Airport,-2.93907,-69.694
SWIY,IDO,Santa Isabel do Morro Airport,-11.5723,-50.6662
SWJI,JPR,Jose Coleto Airport,-10.8708,-61.8465
SWJN,JIA,Juina Airport,-11.4194,-58.7017
SWJU,JRN,Juruena Airport,-10.3058,-58.4894
SWJW,JTI,Jatai Airport,-17.8299,-51.773
SWKC,CCX,Caceres Airport,-16.0436,-57.6299
SWKO,CIZ,Coari Airport,-4.13406,-63.1326
SWKT,TLZ,Catalao Airport,-18.2168,-47.8997
SWLB,LBR,Labrea Airport,-7.27897,-64.7695
SWLC,RVD,General Leite de Castro Airport,-17.8347,-50.9561
SWMW,MBZ,Maues Airport,-3.37217,-57.7248
SWNA,NVP,Novo Aripuana Airport,-5.11803,-60.3649
SWNK,BCR,Novo Campo Airport,-8.83456,-67.3124
SWNQ,NQL,Niquelandia Air,-14.4349,-48.4915
SWNS,APS,Anapolis Airport,-16.3623,-48.9271
SWOB,FBA,Fonte Boa Airport,-2.53261,-66.0832
SWPG,PBV,Aeroporto de Porto dos Gauchos Airport,-11.5404,-57.3782
SWPI,PIN,Julio Belem,-2.67302,-56.7772
SWPM,PBQ,Pimenta Bueno Airport,-11.6416,-61.1791
SWPQ,PBX,Fazenda Piraguassu Airport,-10.8611,-51.685
SWRA,AAI,Arraias Airport,-13.0252,-46.8841
SWRD,ROO,Maestro Marinho Franco Airport,-16.586,-54.7248
SWSI,OPS,Presidente Joao Figueiredo Airport,-11.885,-55.5861
SWSN,ZMD,Sena Madureira Airport,-9.116,-68.6108
SWST,STZ,Santa Terezinha Airport,-10.4647,-50.5186
SWTP,IRZ,Tapuruquara Airport,-0.3786,-64.9923
SWTS,TGQ,Tangara da Serra Airport,-14.662,-57.4435
SWTU,AZL,Fazenda Tucunare Airport,-13.4655,-58.8669
SWUA,SQM,Sao Miguel do Araguaia Airport,-13.3313,-50.1976
SWVB,MTG,Mato Grosso Airport,-14.9942,-59.9458
SWVC,VLP,Vila Rica Municipal Airport,-9.97944,-51.1422
SWXM,MBK,Orlando Villas-Boas Regional Airport,-10.1703,-54.9528
SWXV,NOK,Nova Xavantina Airport,-14.6983,-52.3464
SYAH,AHL,Aishalton Airport,2.48653,-59.3134
SYAN,NAI,Annai Airport,3.95944,-59.1242
SYBR,BMJ,Baramita Airport,7.37012,-60.488
SYBT,GFO,Bartica Airport,6.35886,-58.6552
SYCJ,GEO,Cheddi Jagan International Airport,6.49855,-58.2541
SYGO,OGL,Eugene F. Correia International Airport,6.80628,-58.1059
SYIB,IMB,Imbaimadai Airport,5.70811,-60.2942
SYKA,KAI,Kaieteur International Airport,5.17275,-59.4915
SYKM,KAR,Kamarang Airport,5.86534,-60.6142
SYKR,KRM,Karanambo Airport,3.75194,-59.3097
SYKS,KRG,Karasabai Airport,4.03333,-59.5333
SYKT,KTO,Kato Airport,4.64916,-59.8322
SYKZ,KKG,Konawaruk Airport,5.2684,-58.995
SYLP,LUB,Lumid Pau Airport,2.39393,-59.441
SYLT,LTM,Lethem Airport,3.37276,-59.7894
SYMB,USI,Mabaruma Airport,8.2,-59.7833
SYMD,MHA,Mahdia Airport,5.27749,-59.1511
SYMK,VEG,Maikwak Airport,4.89817,-59.817
SYMM,MYM,Monkey Mountain Airport,4.48333,-59.6833
SYMR,MWJ,Matthews Ridge Airport,7.48811,-60.1848
SYOR,ORJ,Orinduik Airport,4.72527,-60.035
SYPR,PRR,Paruima Airport,5.81545,-61.0554
SYSC,SDC,Sand Creek Airport,2.9913,-59.51
